target,role,tag
MYC,ONC,cancermine
EGFR,ONC,cancermine
RET,ONC,cancermine
ABL1,ONC,cancermine
TP53,TSG,cancermine
BRAF,ONC,cancermine
ERBB2,ONC,cancermine
KRAS,ONC,cancermine
KIT,ONC,cancermine
PTEN,TSG,cancermine
MYCN,ONC,cancermine
RB1,TSG,cancermine
WT1,TSG,cancermine
NRAS,ONC,cancermine
ALK,ONC,cancermine
CDKN2A,TSG,cancermine
MET,ONC,cancermine
FOS,ONC,cancermine
BRCA1,TSG,cancermine
APC,TSG,cancermine
BCL2,ONC,cancermine
CCND1,ONC,cancermine
VHL,TSG,cancermine
YAP1,ONC,cancermine
AKT1,ONC,cancermine
MYB,ONC,cancermine
EWSR1,ONC,cancermine
RUNX3,TSG,cancermine
PIK3CA,ONC,cancermine
HRAS,ONC,cancermine
STAT3,ONC,cancermine
ROS1,ONC,cancermine
EZH2,ONC,cancermine
BCR,ONC,cancermine
GLI1,ONC,cancermine
SHH,ONC,cancermine
SRC,ONC,cancermine
JUN,ONC,cancermine
BCL6,ONC,cancermine
STK11,TSG,cancermine
RASSF1,TSG,cancermine
CTNNB1,ONC,cancermine
NF1,TSG,cancermine
PDGFRA,ONC,cancermine
SOX2,ONC,cancermine
HGF,ONC,cancermine
MARK2,ONC,cancermine
MITF,ONC,cancermine
SMAD4,TSG,cancermine
LMO2,ONC,cancermine
MTDH,ONC,cancermine
MDM2,ONC,cancermine
TAZ,ONC,cancermine
ERG,ONC,cancermine
BRCA2,TSG,cancermine
EGF,ONC,cancermine
FOXM1,ONC,cancermine
CD274,ONC,cancermine
CADM1,TSG,cancermine
MTOR,ONC,cancermine
PDGFB,ONC,cancermine
NTRK1,ONC,cancermine
AR,ONC,cancermine
VEGFA,ONC,cancermine
NF2,TSG,cancermine
NFKB1,ONC,cancermine
TERT,ONC,cancermine
PTTG1,ONC,cancermine
CSF1R,ONC,cancermine
TAL1,ONC,cancermine
ARID1A,TSG,cancermine
WWOX,TSG,cancermine
BAP1,TSG,cancermine
KLF6,TSG,cancermine
CDK16,ONC,cancermine
TCL1A,ONC,cancermine
PTGS2,ONC,cancermine
FGFR1,ONC,cancermine
MAF,ONC,cancermine
PTGDR,ONC,cancermine
CBL,ONC,cancermine
PTPN11,ONC,cancermine
SLC3A2,ONC,cancermine
PI3,ONC,cancermine
CDK8,ONC,cancermine
MAPK1,ONC,cancermine
TWSG1,TSG,cancermine
BCL2L1,ONC,cancermine
DLC1,TSG,cancermine
ETS1,ONC,cancermine
RAF1,ONC,cancermine
RARA,ONC,cancermine
SMARCB1,TSG,cancermine
SOX4,ONC,cancermine
FBXW7,TSG,cancermine
NDRG2,TSG,cancermine
FGFR3,ONC,cancermine
FOXP3,TSG,cancermine
IL6,ONC,cancermine
JAK2,ONC,cancermine
SERPINB5,TSG,cancermine
SETD2,TSG,cancermine
SKP2,ONC,cancermine
NPM1,ONC,cancermine
RBMS3,ONC,cancermine
MLLT3,ONC,cancermine
NFIB,ONC,cancermine
NKX3-1,TSG,cancermine
MAPK8,ONC,cancermine
AXL,ONC,cancermine
DEK,ONC,cancermine
FOXO3,TSG,cancermine
MAP2K7,ONC,cancermine
NKX2-1,ONC,cancermine
SPOP,TSG,cancermine
ZEB1,ONC,cancermine
CDKN2B,TSG,cancermine
HMGA2,ONC,cancermine
PAX6,TSG,cancermine
PRRT2,ONC,cancermine
REL,ONC,cancermine
SETDB1,ONC,cancermine
YBX1,ONC,cancermine
CHD5,TSG,cancermine
CRNDE,ONC,cancermine
HPGD,TSG,cancermine
KDM6A,TSG,cancermine
KL,TSG,cancermine
PTPRD,TSG,cancermine
AURKA,ONC,cancermine
ERBB3,ONC,cancermine
INS,ONC,cancermine
NCOA3,ONC,cancermine
OTX2,ONC,cancermine
FTO,ONC,cancermine
IRF4,ONC,cancermine
MUC1,ONC,cancermine
STAT1,TSG,cancermine
TET2,TSG,cancermine
ZNF703,ONC,cancermine
ESR2,ONC,cancermine
ETV6,ONC,cancermine
FASN,ONC,cancermine
IRF8,TSG,cancermine
PCNA,ONC,cancermine
TP63,ONC,cancermine
WNT1,ONC,cancermine
DCC,TSG,cancermine
EPHA2,ONC,cancermine
FOXA1,ONC,cancermine
TLX1,ONC,cancermine
GNAQ,ONC,cancermine
HMGA1,ONC,cancermine
LMO1,ONC,cancermine
PIM1,ONC,cancermine
TCF21,TSG,cancermine
AKT2,ONC,cancermine
ATF2,ONC,cancermine
CDKN2C,TSG,cancermine
CDKN3,ONC,cancermine
DIRAS3,TSG,cancermine
EML4,ONC,cancermine
FLCN,TSG,cancermine
FLI1,ONC,cancermine
FUS,ONC,cancermine
MST1R,ONC,cancermine
NTN1,ONC,cancermine
QKI,TSG,cancermine
SIRT3,TSG,cancermine
SOCS1,TSG,cancermine
TFCP2,ONC,cancermine
CAV1,TSG,cancermine
CDC73,TSG,cancermine
EIF4E,ONC,cancermine
EPHA7,TSG,cancermine
FGFR2,ONC,cancermine
GNAS,ONC,cancermine
HOXA9,ONC,cancermine
KDM5B,ONC,cancermine
MYD88,ONC,cancermine
TRIM3,TSG,cancermine
TWIST1,ONC,cancermine
CTCF,ONC,cancermine
CYLD,TSG,cancermine
DAB2IP,TSG,cancermine
FOXC1,ONC,cancermine
GOLPH3,ONC,cancermine
MCL1,ONC,cancermine
PELP1,ONC,cancermine
PRDM1,TSG,cancermine
TP73,TSG,cancermine
URI1,ONC,cancermine
CDC20,ONC,cancermine
CRKL,ONC,cancermine
EMP3,TSG,cancermine
HIC1,TSG,cancermine
IGFBP7,TSG,cancermine
IRF1,TSG,cancermine
LIN28B,ONC,cancermine
MACC1,ONC,cancermine
NCOA4,ONC,cancermine
NGF,ONC,cancermine
PDLIM7,ONC,cancermine
PPM1D,ONC,cancermine
RELA,ONC,cancermine
RHOA,ONC,cancermine
ATOH1,TSG,cancermine
BCL3,ONC,cancermine
CDKN1C,TSG,cancermine
CREB1,ONC,cancermine
CXCR4,ONC,cancermine
IKBKE,ONC,cancermine
ING4,TSG,cancermine
KIF14,ONC,cancermine
MECOM,ONC,cancermine
NR4A3,TSG,cancermine
PBX1,ONC,cancermine
PIN1,ONC,cancermine
PRDM2,TSG,cancermine
RAP1GAP,TSG,cancermine
TRIB2,ONC,cancermine
ZEB2,ONC,cancermine
BECN1,TSG,cancermine
BRD7,TSG,cancermine
CUL4A,ONC,cancermine
DAB2,TSG,cancermine
EYA4,TSG,cancermine
FLT3,ONC,cancermine
KDM4C,ONC,cancermine
MAP3K8,ONC,cancermine
MEIS1,ONC,cancermine
PRAM1,ONC,cancermine
PTPN6,TSG,cancermine
SALL4,ONC,cancermine
TNS4,ONC,cancermine
TRIM24,ONC,cancermine
VAV1,ONC,cancermine
ANXA7,TSG,cancermine
ARTN,ONC,cancermine
FBXO31,TSG,cancermine
HSP90AA1,ONC,cancermine
KANK1,TSG,cancermine
KITLG,ONC,cancermine
MALT1,ONC,cancermine
RHOBTB2,TSG,cancermine
RRAS,ONC,cancermine
RUNX2,ONC,cancermine
TTF1,ONC,cancermine
UHRF1,ONC,cancermine
ZNF217,ONC,cancermine
BCL11A,ONC,cancermine
BCL11B,TSG,cancermine
BIRC5,ONC,cancermine
BRF2,ONC,cancermine
CACNA2D3,TSG,cancermine
CD44,ONC,cancermine
DKK3,TSG,cancermine
GAB2,ONC,cancermine
GPRC5A,TSG,cancermine
HDAC6,ONC,cancermine
HOPX,TSG,cancermine
IGF1,ONC,cancermine
ING1,TSG,cancermine
KDM2B,ONC,cancermine
LRIG1,TSG,cancermine
MDM4,ONC,cancermine
MPL,ONC,cancermine
PDGFA,ONC,cancermine
PLCE1,ONC,cancermine
PXN,ONC,cancermine
RBL1,TSG,cancermine
SLC9A3R1,TSG,cancermine
SPRY2,TSG,cancermine
TFAP2A,TSG,cancermine
TFF3,ONC,cancermine
THY1,TSG,cancermine
TRAF6,ONC,cancermine
ZFHX3,TSG,cancermine
BEX1,TSG,cancermine
CDH2,ONC,cancermine
CEACAM1,TSG,cancermine
DICER1,TSG,cancermine
ECT2,ONC,cancermine
FGFR4,ONC,cancermine
FOXF1,TSG,cancermine
FOXQ1,ONC,cancermine
GATA3,TSG,cancermine
GFI1,ONC,cancermine
GNA11,ONC,cancermine
HSF1,ONC,cancermine
KDM2A,ONC,cancermine
MCC,TSG,cancermine
MOS,ONC,cancermine
MYBL2,ONC,cancermine
NGFR,TSG,cancermine
PRL,ONC,cancermine
PTP4A3,ONC,cancermine
RAC1,ONC,cancermine
RASSF10,TSG,cancermine
SEMA3B,TSG,cancermine
SFRP1,TSG,cancermine
SOX7,TSG,cancermine
TBX3,ONC,cancermine
TNF,ONC,cancermine
VAV3,ONC,cancermine
WIF1,TSG,cancermine
ALDH1A2,TSG,cancermine
CDC42,ONC,cancermine
CDK6,ONC,cancermine
EPHB2,TSG,cancermine
HK2,ONC,cancermine
ID1,ONC,cancermine
IGFBP2,ONC,cancermine
LETMD1,ONC,cancermine
MCTS1,ONC,cancermine
MELK,ONC,cancermine
MIF,ONC,cancermine
NDRG4,TSG,cancermine
OPCML,TSG,cancermine
SLC5A8,TSG,cancermine
SMO,ONC,cancermine
SNCG,ONC,cancermine
SOCS3,TSG,cancermine
SOD2,TSG,cancermine
SQSTM1,ONC,cancermine
SRSF1,ONC,cancermine
STARD13,TSG,cancermine
SULF1,TSG,cancermine
TFPI2,TSG,cancermine
TRIM11,ONC,cancermine
TRIM27,ONC,cancermine
USP22,ONC,cancermine
WTAP,ONC,cancermine
WWP1,ONC,cancermine
CHD1L,ONC,cancermine
CSF1,ONC,cancermine
CSF2,ONC,cancermine
DACT2,TSG,cancermine
DLEC1,TSG,cancermine
EPB41L3,TSG,cancermine
FOXR2,ONC,cancermine
GTPBP4,ONC,cancermine
HOXA1,ONC,cancermine
IL10,ONC,cancermine
ITCH,TSG,cancermine
KDM1A,ONC,cancermine
KISS1,TSG,cancermine
MECP2,ONC,cancermine
PAK1,ONC,cancermine
PBRM1,TSG,cancermine
PCDH10,TSG,cancermine
PCDH17,TSG,cancermine
PER2,TSG,cancermine
PIWIL1,ONC,cancermine
PRKCI,ONC,cancermine
PRMT5,ONC,cancermine
PRR11,ONC,cancermine
PSMD10,ONC,cancermine
PTPRJ,TSG,cancermine
PTPRK,TSG,cancermine
PTPRO,TSG,cancermine
RAB1A,ONC,cancermine
RAB22A,ONC,cancermine
RELB,ONC,cancermine
RPRM,TSG,cancermine
RPS6KA6,TSG,cancermine
SERPINB3,ONC,cancermine
SIRT7,ONC,cancermine
SMAD3,TSG,cancermine
SNAI2,ONC,cancermine
TFG,ONC,cancermine
TGFB1,ONC,cancermine
TP53INP1,TSG,cancermine
TTN,ONC,cancermine
USP9X,TSG,cancermine
ZBTB16,ONC,cancermine
ZFP36,TSG,cancermine
ABHD5,TSG,cancermine
ADAMTS9,TSG,cancermine
AIM2,TSG,cancermine
ANXA6,TSG,cancermine
BCL6B,TSG,cancermine
BIRC2,ONC,cancermine
BTG3,TSG,cancermine
CALR,ONC,cancermine
CCNE1,ONC,cancermine
CDH3,ONC,cancermine
CDH4,TSG,cancermine
CHEK1,ONC,cancermine
CHL1,TSG,cancermine
CIC,TSG,cancermine
CST6,TSG,cancermine
DNMT3B,TSG,cancermine
DUSP6,TSG,cancermine
E2F3,ONC,cancermine
E2F5,ONC,cancermine
EEF1A2,ONC,cancermine
EGLN1,TSG,cancermine
ETV1,ONC,cancermine
FAT4,TSG,cancermine
FBP1,TSG,cancermine
FLII,ONC,cancermine
FLT1,ONC,cancermine
FUT1,ONC,cancermine
GLIPR1,TSG,cancermine
HACE1,TSG,cancermine
HTATIP2,TSG,cancermine
IGF2,ONC,cancermine
IL11,ONC,cancermine
IL2,ONC,cancermine
IL24,TSG,cancermine
IRX1,TSG,cancermine
KIF5B,ONC,cancermine
LATS2,TSG,cancermine
LRP1B,TSG,cancermine
MEF2D,ONC,cancermine
MLLT1,ONC,cancermine
MMP9,ONC,cancermine
MUC4,ONC,cancermine
MYO18B,TSG,cancermine
NOB1,ONC,cancermine
NR0B2,TSG,cancermine
NRG1,ONC,cancermine
NTRK2,ONC,cancermine
PAX3,ONC,cancermine
PCGF2,TSG,cancermine
PDGFRB,ONC,cancermine
PHF6,TSG,cancermine
PIM3,ONC,cancermine
PTPRG,TSG,cancermine
RASAL1,TSG,cancermine
RHOC,ONC,cancermine
SETBP1,ONC,cancermine
SETD7,TSG,cancermine
SLIT2,TSG,cancermine
SMARCA1,TSG,cancermine
SPHK1,ONC,cancermine
SS18,ONC,cancermine
UBE2C,ONC,cancermine
USP39,ONC,cancermine
YEATS4,ONC,cancermine
ZIC2,ONC,cancermine
ACTL6A,ONC,cancermine
AJAP1,TSG,cancermine
ALKBH5,ONC,cancermine
ATF1,ONC,cancermine
ATRX,TSG,cancermine
BDNF,ONC,cancermine
BHLHE41,TSG,cancermine
BRD4,ONC,cancermine
CD8A,ONC,cancermine
CDK12,TSG,cancermine
CEP55,ONC,cancermine
CFLAR,ONC,cancermine
CYGB,TSG,cancermine
DNAH8,ONC,cancermine
DPP4,TSG,cancermine
ERRFI1,TSG,cancermine
FABP3,ONC,cancermine
FES,ONC,cancermine
FRK,TSG,cancermine
FSCN1,ONC,cancermine
GATA4,TSG,cancermine
GLI2,ONC,cancermine
GRM1,ONC,cancermine
HOXB13,TSG,cancermine
ILF3,ONC,cancermine
INPP5D,TSG,cancermine
JUNB,ONC,cancermine
KCTD11,TSG,cancermine
KDR,ONC,cancermine
LPA,ONC,cancermine
MLLT11,ONC,cancermine
MMP14,ONC,cancermine
MTAP,TSG,cancermine
MXI1,TSG,cancermine
NUAK1,ONC,cancermine
PAK4,ONC,cancermine
PAQR3,TSG,cancermine
PBK,ONC,cancermine
PCDH8,TSG,cancermine
PLAGL2,ONC,cancermine
POU3F2,ONC,cancermine
PPP1R13L,ONC,cancermine
PSMA6,ONC,cancermine
PTK2B,ONC,cancermine
PTPN13,TSG,cancermine
RBM5,TSG,cancermine
ROCK1,ONC,cancermine
ROR1,ONC,cancermine
RRM2,ONC,cancermine
SATB1,ONC,cancermine
SENP2,TSG,cancermine
SFN,ONC,cancermine
SLC2A1,ONC,cancermine
SLC39A1,TSG,cancermine
SMYD4,TSG,cancermine
SULF2,ONC,cancermine
TCF4,ONC,cancermine
TP53INP2,ONC,cancermine
TPD52,ONC,cancermine
TRAF3,TSG,cancermine
TXNIP,TSG,cancermine
ABCB1,ONC,cancermine
AFAP1,ONC,cancermine
AFF1,ONC,cancermine
AGR2,ONC,cancermine
AKAP12,TSG,cancermine
ARID1B,TSG,cancermine
AZGP1,TSG,cancermine
BIRC3,ONC,cancermine
BLCAP,TSG,cancermine
BRIP1,TSG,cancermine
CASZ1,TSG,cancermine
CCND3,ONC,cancermine
CLCA2,TSG,cancermine
CLDN1,TSG,cancermine
CXCL1,ONC,cancermine
DCUN1D1,ONC,cancermine
DTL,ONC,cancermine
EIF5A2,ONC,cancermine
EPO,ONC,cancermine
FGF3,ONC,cancermine
FGF5,ONC,cancermine
FOSL1,ONC,cancermine
FOXD3,TSG,cancermine
GLI3,ONC,cancermine
GPX3,TSG,cancermine
GSTP1,TSG,cancermine
HMMR,ONC,cancermine
HOXD10,TSG,cancermine
ILF2,ONC,cancermine
ING3,TSG,cancermine
IRS2,ONC,cancermine
ITIH5,TSG,cancermine
KAT6A,ONC,cancermine
KLF2,TSG,cancermine
KLF8,ONC,cancermine
LIFR,TSG,cancermine
LRRC4,TSG,cancermine
MAP2K1,ONC,cancermine
MNX1,ONC,cancermine
NFATC1,ONC,cancermine
NFATC2,ONC,cancermine
NKAP,ONC,cancermine
NLK,TSG,cancermine
NR2E1,ONC,cancermine
NR5A2,ONC,cancermine
PAX8,ONC,cancermine
PHGDH,ONC,cancermine
PROM1,ONC,cancermine
PTRH2,TSG,cancermine
PTTG1IP,ONC,cancermine
RAN,ONC,cancermine
RARRES1,TSG,cancermine
RASSF2,TSG,cancermine
RASSF8,TSG,cancermine
RICTOR,ONC,cancermine
RIPK1,ONC,cancermine
RRAS2,ONC,cancermine
SASH1,TSG,cancermine
SATB2,TSG,cancermine
SGK3,ONC,cancermine
SMAD2,TSG,cancermine
SOX17,TSG,cancermine
SOX6,TSG,cancermine
SRF,ONC,cancermine
SUSD2,TSG,cancermine
TBX5,TSG,cancermine
THRA,ONC,cancermine
TOB1,TSG,cancermine
TPX2,ONC,cancermine
TRIM25,ONC,cancermine
UNC5D,TSG,cancermine
WNT10A,ONC,cancermine
YWHAZ,ONC,cancermine
AJUBA,ONC,cancermine
AMOTL1,ONC,cancermine
ANP32C,ONC,cancermine
ANXA2,ONC,cancermine
ARHGAP10,TSG,cancermine
ARL11,ONC,cancermine
ASCL1,ONC,cancermine
BCL2L2,ONC,cancermine
BEX2,TSG,cancermine
BSG,ONC,cancermine
CALCA,ONC,cancermine
CARM1,ONC,cancermine
CBFA2T3,TSG,cancermine
CBX8,ONC,cancermine
CCDC6,ONC,cancermine
CEBPA,ONC,cancermine
CEBPD,TSG,cancermine
CHD1,TSG,cancermine
CNDP2,TSG,cancermine
CTCFL,ONC,cancermine
DACH1,TSG,cancermine
DLGAP5,ONC,cancermine
DNM3,TSG,cancermine
DOT1L,ONC,cancermine
DPH1,TSG,cancermine
DUSP1,ONC,cancermine
DUSP4,TSG,cancermine
EFEMP1,TSG,cancermine
EGR2,ONC,cancermine
EIF4EBP1,ONC,cancermine
ESRP1,TSG,cancermine
FEZF1,ONC,cancermine
FH,TSG,cancermine
G6PD,ONC,cancermine
GDE1,TSG,cancermine
GOLPH3L,ONC,cancermine
GPBAR1,TSG,cancermine
GRIK2,TSG,cancermine
GSN,TSG,cancermine
HMGN5,ONC,cancermine
HTRA1,TSG,cancermine
IQGAP2,TSG,cancermine
IRF6,TSG,cancermine
KCNQ1,TSG,cancermine
KDM4A,ONC,cancermine
KIF4A,ONC,cancermine
LATS1,TSG,cancermine
LGI1,TSG,cancermine
LIN28A,ONC,cancermine
LMO3,ONC,cancermine
LSAMP,TSG,cancermine
LYL1,ONC,cancermine
MAGED4,ONC,cancermine
MAL,TSG,cancermine
MDK,ONC,cancermine
MEF2C,ONC,cancermine
MMP7,ONC,cancermine
MSI1,ONC,cancermine
MSX1,ONC,cancermine
MTUS1,TSG,cancermine
MZF1,ONC,cancermine
NANOG,ONC,cancermine
NCL,ONC,cancermine
NEK7,ONC,cancermine
NKX2-2,ONC,cancermine
NOS3,ONC,cancermine
NR2F2,ONC,cancermine
NUP98,ONC,cancermine
PAX2,ONC,cancermine
PHF8,ONC,cancermine
PIGU,ONC,cancermine
PIM2,ONC,cancermine
PLAG1,ONC,cancermine
PPARA,TSG,cancermine
PRC1,ONC,cancermine
PREX1,ONC,cancermine
PRSS3,TSG,cancermine
PTN,ONC,cancermine
PTPRZ1,ONC,cancermine
RAB37,TSG,cancermine
RHOB,TSG,cancermine
RHOH,ONC,cancermine
RPS6KA2,TSG,cancermine
RSF1,ONC,cancermine
S100A2,TSG,cancermine
SALL2,TSG,cancermine
SEMA3F,TSG,cancermine
SIX1,ONC,cancermine
SMYD3,ONC,cancermine
SOX5,ONC,cancermine
STK4,TSG,cancermine
SYNPO2,TSG,cancermine
TACC3,ONC,cancermine
TACSTD2,ONC,cancermine
THBS1,TSG,cancermine
TKTL1,ONC,cancermine
TLX3,ONC,cancermine
TMED3,TSG,cancermine
TNFAIP8L2,TSG,cancermine
TRIM33,TSG,cancermine
TRPM1,TSG,cancermine
UBE2S,ONC,cancermine
VDR,ONC,cancermine
VWA5A,TSG,cancermine
ZNF750,TSG,cancermine
AGRN,ONC,cancermine
AHNAK,TSG,cancermine
ALDOA,ONC,cancermine
ALOX15,TSG,cancermine
ARNT,ONC,cancermine
AXIN1,TSG,cancermine
BIN1,TSG,cancermine
BNC2,TSG,cancermine
BTG1,TSG,cancermine
CAMTA1,TSG,cancermine
CBLB,ONC,cancermine
CD151,ONC,cancermine
CD24,ONC,cancermine
CDC25A,ONC,cancermine
CDC6,ONC,cancermine
CDH11,TSG,cancermine
CDH17,ONC,cancermine
CDK10,TSG,cancermine
CDK5RAP3,TSG,cancermine
CDK9,ONC,cancermine
CLCA1,TSG,cancermine
CNOT3,TSG,cancermine
COPS5,ONC,cancermine
CSF3R,ONC,cancermine
CSMD1,TSG,cancermine
CTBP2,ONC,cancermine
CTDSPL,TSG,cancermine
CTHRC1,ONC,cancermine
CXCL14,TSG,cancermine
DCD,ONC,cancermine
DDX5,ONC,cancermine
DIRAS1,TSG,cancermine
DIS3,TSG,cancermine
DMBT1,TSG,cancermine
DMD,TSG,cancermine
EAF2,TSG,cancermine
EI24,TSG,cancermine
EN2,ONC,cancermine
ENTPD5,ONC,cancermine
FAM83D,ONC,cancermine
FGF2,ONC,cancermine
FOXA2,TSG,cancermine
FSTL1,TSG,cancermine
GALR1,TSG,cancermine
GATA2,ONC,cancermine
GLS,ONC,cancermine
GRHL2,TSG,cancermine
GRN,ONC,cancermine
GRP,ONC,cancermine
GUCY2C,TSG,cancermine
HDGF,ONC,cancermine
HOXA11,TSG,cancermine
HOXA13,ONC,cancermine
HOXA5,TSG,cancermine
HOXC6,ONC,cancermine
IGFBP3,TSG,cancermine
IGFBP5,TSG,cancermine
IL7R,ONC,cancermine
INSR,ONC,cancermine
INTS6,TSG,cancermine
KDM3A,ONC,cancermine
KDM3B,TSG,cancermine
KLF10,TSG,cancermine
LGR5,ONC,cancermine
LGR6,TSG,cancermine
LIMD2,ONC,cancermine
LXN,TSG,cancermine
LZTFL1,TSG,cancermine
LZTS1,TSG,cancermine
MAP2K6,ONC,cancermine
MAP3K3,ONC,cancermine
MCF2,ONC,cancermine
MIEN1,ONC,cancermine
MLH1,TSG,cancermine
MMP2,ONC,cancermine
MYOD1,TSG,cancermine
NACC1,ONC,cancermine
NAMPT,ONC,cancermine
NBN,TSG,cancermine
NCOA2,ONC,cancermine
NCOR1,ONC,cancermine
NEDD9,ONC,cancermine
NISCH,TSG,cancermine
NKX2-5,ONC,cancermine
NTSR1,TSG,cancermine
ODC1,ONC,cancermine
OGT,ONC,cancermine
PA2G4,TSG,cancermine
PDLIM5,ONC,cancermine
PER1,TSG,cancermine
PHLDA3,TSG,cancermine
PINX1,TSG,cancermine
PLXNC1,TSG,cancermine
PPP1R1B,ONC,cancermine
PRDM14,ONC,cancermine
PTBP1,ONC,cancermine
PTHLH,ONC,cancermine
PTK7,ONC,cancermine
PTPN9,TSG,cancermine
RAD9A,ONC,cancermine
RALA,ONC,cancermine
RASAL2,TSG,cancermine
RASSF6,TSG,cancermine
RBM45,TSG,cancermine
RECK,TSG,cancermine
RERG,TSG,cancermine
RND3,TSG,cancermine
RP1,TSG,cancermine
RRBP1,ONC,cancermine
S100A11,TSG,cancermine
S100A8,ONC,cancermine
S1PR2,TSG,cancermine
SCARB1,ONC,cancermine
SDHB,TSG,cancermine
SET,ONC,cancermine
SF3B1,TSG,cancermine
SFRP2,TSG,cancermine
SLC9A9,ONC,cancermine
SMAD5,TSG,cancermine
SMARCA2,TSG,cancermine
SOSTDC1,TSG,cancermine
SOX15,TSG,cancermine
SOX3,ONC,cancermine
SPINT2,TSG,cancermine
SRY,ONC,cancermine
SSBP2,TSG,cancermine
STOML2,ONC,cancermine
SUFU,TSG,cancermine
TAT,TSG,cancermine
TBK1,ONC,cancermine
TBX1,TSG,cancermine
TDGF1,ONC,cancermine
TEAD4,ONC,cancermine
TFDP1,TSG,cancermine
THEM4,ONC,cancermine
TNFSF11,ONC,cancermine
TP53BP1,TSG,cancermine
TP53I3,ONC,cancermine
TRIM14,ONC,cancermine
TRIM44,ONC,cancermine
TRIM59,ONC,cancermine
TSG101,TSG,cancermine
UBE3A,TSG,cancermine
ULK1,ONC,cancermine
USP15,ONC,cancermine
VPS53,TSG,cancermine
XPO1,ONC,cancermine
ZYG11A,ONC,cancermine
ACSL1,TSG,cancermine
ADCYAP1,ONC,cancermine
AGL,TSG,cancermine
AHI1,ONC,cancermine
AMACR,ONC,cancermine
AMOTL2,ONC,cancermine
ANXA1,ONC,cancermine
AREG,ONC,cancermine
ARHGAP1,TSG,cancermine
ARNTL,TSG,cancermine
ATF7IP,ONC,cancermine
ATMIN,TSG,cancermine
ATOH7,ONC,cancermine
ATP8A2,ONC,cancermine
BCL9,ONC,cancermine
BIRC7,ONC,cancermine
BLK,ONC,cancermine
BMP4,ONC,cancermine
BNIP3L,TSG,cancermine
BOP1,ONC,cancermine
BTK,ONC,cancermine
CARD11,ONC,cancermine
CBX2,ONC,cancermine
CCNG1,ONC,cancermine
CCNG2,ONC,cancermine
CD300A,ONC,cancermine
CD34,ONC,cancermine
CD4,ONC,cancermine
CHFR,TSG,cancermine
CHMP1A,TSG,cancermine
CIRBP,TSG,cancermine
CLDN7,TSG,cancermine
CLOCK,ONC,cancermine
CMTM3,TSG,cancermine
CMTM7,TSG,cancermine
CNTNAP2,TSG,cancermine
COPS3,ONC,cancermine
CPEB1,TSG,cancermine
CRP,ONC,cancermine
CTTN,ONC,cancermine
CXCL12,ONC,cancermine
CXCL2,ONC,cancermine
DCN,TSG,cancermine
DDB2,TSG,cancermine
DDIT3,ONC,cancermine
DDIT4,ONC,cancermine
DDR2,ONC,cancermine
DDX20,TSG,cancermine
DHX9,ONC,cancermine
DOK2,TSG,cancermine
DTX1,ONC,cancermine
E2F6,ONC,cancermine
ELAVL1,ONC,cancermine
EPCAM,ONC,cancermine
EPHB3,TSG,cancermine
EPHB6,TSG,cancermine
ERP29,TSG,cancermine
ETV4,ONC,cancermine
EYA2,ONC,cancermine
F11R,ONC,cancermine
FAM107A,TSG,cancermine
FAM83H,ONC,cancermine
FBXO32,TSG,cancermine
FGF4,ONC,cancermine
FGF8,ONC,cancermine
FNDC3B,ONC,cancermine
FOXC2,ONC,cancermine
FOXG1,ONC,cancermine
FUBP1,ONC,cancermine
FXR1,ONC,cancermine
GDF11,TSG,cancermine
GFI1B,ONC,cancermine
GJB2,TSG,cancermine
GLDC,ONC,cancermine
GNG4,TSG,cancermine
GOLM1,ONC,cancermine
GPC5,TSG,cancermine
GPR137,ONC,cancermine
GPX7,TSG,cancermine
GRB7,ONC,cancermine
GRHL1,TSG,cancermine
GRIN2A,TSG,cancermine
HAS2,ONC,cancermine
HDAC2,ONC,cancermine
HELLS,ONC,cancermine
HMGB3,ONC,cancermine
HNRNPA1,ONC,cancermine
HNRNPA2B1,ONC,cancermine
HPSE2,TSG,cancermine
HRG,ONC,cancermine
IGF2BP1,ONC,cancermine
IL15,ONC,cancermine
ING5,TSG,cancermine
JAK3,ONC,cancermine
JDP2,ONC,cancermine
KCNH1,ONC,cancermine
KCTD12,TSG,cancermine
KDM4B,ONC,cancermine
KDM5C,ONC,cancermine
LAPTM4B,ONC,cancermine
LARP7,TSG,cancermine
LEP,ONC,cancermine
LEPR,ONC,cancermine
LHX2,ONC,cancermine
LHX6,TSG,cancermine
LMNA,ONC,cancermine
LMO4,ONC,cancermine
LSM1,ONC,cancermine
LYN,ONC,cancermine
MAP3K14,ONC,cancermine
MAP3K5,TSG,cancermine
MAPK9,ONC,cancermine
MCM7,ONC,cancermine
MSI2,ONC,cancermine
MUC16,ONC,cancermine
MUC2,TSG,cancermine
MYEOV,ONC,cancermine
MYH11,ONC,cancermine
NEFH,TSG,cancermine
NFE2L2,ONC,cancermine
NHLH2,ONC,cancermine
NMI,TSG,cancermine
NRP2,ONC,cancermine
NSD1,ONC,cancermine
NT5C2,ONC,cancermine
NUP214,ONC,cancermine
OSR1,TSG,cancermine
PADI2,ONC,cancermine
PARK7,ONC,cancermine
PAX9,ONC,cancermine
PDK1,ONC,cancermine
PFN1,TSG,cancermine
PHLDA1,TSG,cancermine
PHLDA2,TSG,cancermine
PHLPP1,TSG,cancermine
PITX2,ONC,cancermine
PLAGL1,TSG,cancermine
PLP2,ONC,cancermine
PMAIP1,TSG,cancermine
PPRC1,ONC,cancermine
PRSS27,ONC,cancermine
PRUNE2,TSG,cancermine
PTP4A2,ONC,cancermine
RAD51AP1,ONC,cancermine
RASSF5,TSG,cancermine
RECQL5,TSG,cancermine
RPA1,ONC,cancermine
RPL22,TSG,cancermine
RRAD,TSG,cancermine
RSPO1,TSG,cancermine
S100P,ONC,cancermine
SEC62,ONC,cancermine
SELENBP1,TSG,cancermine
SEMA3A,TSG,cancermine
SFTPC,ONC,cancermine
SGK1,ONC,cancermine
SH3GL2,TSG,cancermine
SHC1,ONC,cancermine
SIRT5,TSG,cancermine
SLC22A18,TSG,cancermine
SLC8A2,TSG,cancermine
SPAG5,ONC,cancermine
SPIB,ONC,cancermine
SRCIN1,TSG,cancermine
SSX2,ONC,cancermine
STAG2,TSG,cancermine
STMN1,TSG,cancermine
TARBP2,ONC,cancermine
TARDBP,ONC,cancermine
TFAP2C,ONC,cancermine
TFEB,ONC,cancermine
THBS2,ONC,cancermine
TLR4,ONC,cancermine
TMEFF2,TSG,cancermine
TMEM176A,TSG,cancermine
TMPO,ONC,cancermine
TNFRSF14,TSG,cancermine
TNFRSF8,ONC,cancermine
TNK2,ONC,cancermine
TPT1,ONC,cancermine
TRIB1,ONC,cancermine
TRIM15,TSG,cancermine
TRIM16,TSG,cancermine
TRIP13,ONC,cancermine
TRPM3,ONC,cancermine
TRPM7,ONC,cancermine
TSLP,ONC,cancermine
TUSC2,TSG,cancermine
UBR5,ONC,cancermine
UNC5C,TSG,cancermine
USP11,TSG,cancermine
USP7,ONC,cancermine
VGLL4,TSG,cancermine
WBP2,ONC,cancermine
WEE1,ONC,cancermine
WRAP53,ONC,cancermine
XAF1,TSG,cancermine
XBP1,ONC,cancermine
YES1,ONC,cancermine
ZBTB33,ONC,cancermine
ZFP82,TSG,cancermine
ZMYND10,TSG,cancermine
ZMYND11,TSG,cancermine
ZNF322,ONC,cancermine
ZNF350,TSG,cancermine
ZNF671,TSG,cancermine
ABL2,ONC,cancermine
ABR,TSG,cancermine
ACVR2A,TSG,cancermine
ADAM17,ONC,cancermine
ADAMTS1,TSG,cancermine
ADAMTS15,TSG,cancermine
ADAR,ONC,cancermine
ADARB1,TSG,cancermine
ADRM1,ONC,cancermine
AGXT,ONC,cancermine
AHRR,TSG,cancermine
AKR1C3,ONC,cancermine
ALDH1A1,ONC,cancermine
ANGPTL4,TSG,cancermine
ANXA10,TSG,cancermine
APOA2,ONC,cancermine
APOE,TSG,cancermine
ARAF,ONC,cancermine
ARHGAP26,TSG,cancermine
ARHGEF1,ONC,cancermine
ARHGEF2,ONC,cancermine
ARID2,TSG,cancermine
ARRDC3,TSG,cancermine
ATAD2,ONC,cancermine
AURKB,ONC,cancermine
BACH1,ONC,cancermine
BANF1,ONC,cancermine
BCL2A1,ONC,cancermine
BLMH,TSG,cancermine
BMP3,TSG,cancermine
BMP5,TSG,cancermine
BMP7,ONC,cancermine
BRD2,ONC,cancermine
CA9,ONC,cancermine
CADM4,TSG,cancermine
CAPNS1,ONC,cancermine
CASP3,ONC,cancermine
CASP8,TSG,cancermine
CCNA1,ONC,cancermine
CCNE2,ONC,cancermine
CCR7,ONC,cancermine
CD40LG,ONC,cancermine
CDH5,ONC,cancermine
CELF2,TSG,cancermine
CENPF,ONC,cancermine
CFL2,TSG,cancermine
CHEK2,TSG,cancermine
CHI3L1,ONC,cancermine
CHUK,ONC,cancermine
CIAPIN1,TSG,cancermine
CLDN6,TSG,cancermine
CLK2,ONC,cancermine
CMTM4,TSG,cancermine
CMTM5,TSG,cancermine
CMTM8,TSG,cancermine
CNTNAP1,ONC,cancermine
COL6A1,ONC,cancermine
COMP,ONC,cancermine
COPS6,ONC,cancermine
COX8A,ONC,cancermine
CSE1L,ONC,cancermine
CXCL16,TSG,cancermine
CYP24A1,ONC,cancermine
DEGS1,ONC,cancermine
DERL1,ONC,cancermine
DLEU7,TSG,cancermine
DMP1,TSG,cancermine
DNM1L,ONC,cancermine
DOK1,TSG,cancermine
DPEP1,TSG,cancermine
DUSP22,TSG,cancermine
DUSP9,TSG,cancermine
DYRK1B,ONC,cancermine
EBF3,TSG,cancermine
EGLN3,TSG,cancermine
EMX2,TSG,cancermine
EPB41,TSG,cancermine
ERAS,ONC,cancermine
ESPL1,ONC,cancermine
EYA1,ONC,cancermine
F2R,ONC,cancermine
FAM168A,ONC,cancermine
FGF7,ONC,cancermine
FGF9,ONC,cancermine
FGFR1OP,ONC,cancermine
FGR,ONC,cancermine
FIP1L1,ONC,cancermine
FOXJ2,TSG,cancermine
FOXN3,TSG,cancermine
FOXO4,TSG,cancermine
FOXS1,ONC,cancermine
FRS2,ONC,cancermine
GADD45A,TSG,cancermine
GAST,ONC,cancermine
GBP1,TSG,cancermine
GJB1,TSG,cancermine
GJB5,TSG,cancermine
GPR132,ONC,cancermine
GREM1,ONC,cancermine
HCAR2,TSG,cancermine
HCCS,ONC,cancermine
HDAC4,ONC,cancermine
HEPACAM,TSG,cancermine
HIPK2,TSG,cancermine
HK1,ONC,cancermine
HSPD1,TSG,cancermine
IDO1,ONC,cancermine
IFT88,TSG,cancermine
IL18,ONC,cancermine
INHA,TSG,cancermine
KAT2B,ONC,cancermine
KCNN4,ONC,cancermine
KIF11,ONC,cancermine
KIF18B,ONC,cancermine
KIF20A,ONC,cancermine
KIF26B,ONC,cancermine
KLF9,TSG,cancermine
KRT19,TSG,cancermine
KSR1,TSG,cancermine
L3MBTL1,TSG,cancermine
LARP4B,TSG,cancermine
LDOC1,TSG,cancermine
LHX1,ONC,cancermine
LLGL1,TSG,cancermine
LMO7,TSG,cancermine
LRRC3B,TSG,cancermine
MAFA,ONC,cancermine
MAFB,ONC,cancermine
MAGEA12,ONC,cancermine
MAP2K5,ONC,cancermine
MBTPS1,ONC,cancermine
MCPH1,TSG,cancermine
MERTK,ONC,cancermine
MIIP,TSG,cancermine
MLLT10,ONC,cancermine
MST1,TSG,cancermine
MT1G,TSG,cancermine
MYBL1,ONC,cancermine
NCAPG,ONC,cancermine
NDST4,TSG,cancermine
NEK2,ONC,cancermine
NETO2,ONC,cancermine
NKD2,TSG,cancermine
NOL7,TSG,cancermine
NOS2,ONC,cancermine
NPC1,ONC,cancermine
NPY,ONC,cancermine
NR3C2,TSG,cancermine
OLFM4,TSG,cancermine
PAEP,TSG,cancermine
PALB2,TSG,cancermine
PAPOLG,ONC,cancermine
PARVG,TSG,cancermine
PCBP1,TSG,cancermine
PCBP2,ONC,cancermine
PCDH9,TSG,cancermine
PDE10A,ONC,cancermine
PDE4A,ONC,cancermine
PDLIM4,TSG,cancermine
PEBP1,TSG,cancermine
PIK3CB,ONC,cancermine
PIK3CD,ONC,cancermine
PITX1,TSG,cancermine
PLK4,TSG,cancermine
PNP,ONC,cancermine
POU4F1,ONC,cancermine
PRKD1,ONC,cancermine
PRSS8,TSG,cancermine
PSAT1,ONC,cancermine
PSPH,ONC,cancermine
PTOV1,ONC,cancermine
PTPN2,TSG,cancermine
RAB27B,ONC,cancermine
RAC3,ONC,cancermine
RACGAP1,ONC,cancermine
RASGRP1,ONC,cancermine
RBM3,ONC,cancermine
RDM1,ONC,cancermine
REST,ONC,cancermine
RIN1,TSG,cancermine
RPH3AL,TSG,cancermine
RPL10,ONC,cancermine
RPRD1B,ONC,cancermine
RPS6KB1,ONC,cancermine
RREB1,ONC,cancermine
SALL1,TSG,cancermine
SAPCD2,ONC,cancermine
SCARA3,TSG,cancermine
SEMA3C,ONC,cancermine
SEMA5A,TSG,cancermine
SHMT2,ONC,cancermine
SHPRH,TSG,cancermine
SIRT4,TSG,cancermine
SLC12A5,ONC,cancermine
SLC1A5,ONC,cancermine
SLC35F2,ONC,cancermine
SLC6A7,ONC,cancermine
SLIT3,TSG,cancermine
SMURF1,ONC,cancermine
SND1,ONC,cancermine
SOCS2,ONC,cancermine
SOD1,TSG,cancermine
SOX12,ONC,cancermine
SOX18,ONC,cancermine
SOX30,TSG,cancermine
SPARCL1,TSG,cancermine
SPHK2,ONC,cancermine
SPINK5,TSG,cancermine
SPRED1,TSG,cancermine
SQLE,ONC,cancermine
SREBF1,ONC,cancermine
SRSF3,ONC,cancermine
SRSF5,ONC,cancermine
STARD8,TSG,cancermine
STK39,ONC,cancermine
STYK1,ONC,cancermine
SUN2,TSG,cancermine
TAL2,ONC,cancermine
TBX21,ONC,cancermine
TCF7L2,ONC,cancermine
TCHP,TSG,cancermine
TDP2,ONC,cancermine
TFE3,ONC,cancermine
TIAM1,ONC,cancermine
TLE4,TSG,cancermine
TMEM106A,TSG,cancermine
TMEM127,TSG,cancermine
TMPRSS2,ONC,cancermine
TNC,ONC,cancermine
TOX3,TSG,cancermine
TRAF4,ONC,cancermine
TRAP1,ONC,cancermine
TRIM13,TSG,cancermine
TRIM26,TSG,cancermine
TRPV1,TSG,cancermine
TSPAN8,ONC,cancermine
TYRO3,ONC,cancermine
UBAP2L,ONC,cancermine
UBIAD1,TSG,cancermine
UPK1A,TSG,cancermine
USP6,ONC,cancermine
VEGFC,ONC,cancermine
VPS4A,TSG,cancermine
WDR5,ONC,cancermine
WNK2,TSG,cancermine
WNT10B,ONC,cancermine
WNT3A,ONC,cancermine
WRN,TSG,cancermine
XPO4,TSG,cancermine
ZFX,ONC,cancermine
ZKSCAN3,ONC,cancermine
ZMAT3,ONC,cancermine
ZNF292,TSG,cancermine
ZNF382,TSG,cancermine
ZNF423,ONC,cancermine
ZYX,TSG,cancermine
A1CF,ONC,cancermine
ABCB4,TSG,cancermine
ABCG1,ONC,cancermine
ABCG2,ONC,cancermine
ABI1,TSG,cancermine
ACSL4,TSG,cancermine
ACSL6,TSG,cancermine
ACY1,TSG,cancermine
ADA,ONC,cancermine
ADAM9,ONC,cancermine
ADAMTS18,TSG,cancermine
ADM,ONC,cancermine
AFAP1L1,ONC,cancermine
AFP,ONC,cancermine
AGAP2,ONC,cancermine
AGER,ONC,cancermine
AGK,ONC,cancermine
AICDA,ONC,cancermine
AIP,TSG,cancermine
AKAP13,ONC,cancermine
AKIP1,ONC,cancermine
ALOX15B,TSG,cancermine
ALOX5,ONC,cancermine
ANP32A,TSG,cancermine
ANTXR2,ONC,cancermine
ANXA4,TSG,cancermine
APC2,TSG,cancermine
APP,ONC,cancermine
ARG2,TSG,cancermine
ARHGAP17,TSG,cancermine
ARHGAP24,TSG,cancermine
ARHGDIA,TSG,cancermine
ARHGEF12,TSG,cancermine
ARHGEF5,ONC,cancermine
ARID5B,ONC,cancermine
ARL2,ONC,cancermine
ARPC5,ONC,cancermine
ASPSCR1,ONC,cancermine
ASS1,TSG,cancermine
ASXL3,ONC,cancermine
AURKC,ONC,cancermine
B4GALT3,ONC,cancermine
BAALC,ONC,cancermine
BACH2,TSG,cancermine
BATF2,TSG,cancermine
BCAR1,ONC,cancermine
BCHE,ONC,cancermine
BCL2L14,ONC,cancermine
BCL7A,TSG,cancermine
BLID,TSG,cancermine
BMPR2,ONC,cancermine
BPTF,ONC,cancermine
BZW2,ONC,cancermine
CA4,TSG,cancermine
CABLES1,TSG,cancermine
CACNA1A,TSG,cancermine
CADM3,TSG,cancermine
CAPG,ONC,cancermine
CAPN1,TSG,cancermine
CBLL1,ONC,cancermine
CBY1,TSG,cancermine
CCK,ONC,cancermine
CCKBR,TSG,cancermine
CCL21,ONC,cancermine
CCNB2,ONC,cancermine
CCNDBP1,TSG,cancermine
CD33,ONC,cancermine
CD38,ONC,cancermine
CD63,TSG,cancermine
CD82,TSG,cancermine
CDC25B,ONC,cancermine
CDC37,ONC,cancermine
CDC5L,ONC,cancermine
CDCA5,ONC,cancermine
CDCA7,ONC,cancermine
CDCP1,ONC,cancermine
CDK11B,TSG,cancermine
CDK20,ONC,cancermine
CDO1,TSG,cancermine
CDR1,TSG,cancermine
CDX1,TSG,cancermine
CEACAM6,ONC,cancermine
CEBPB,ONC,cancermine
CELF1,TSG,cancermine
CERS2,TSG,cancermine
CHRDL1,TSG,cancermine
CIITA,ONC,cancermine
CISD2,ONC,cancermine
CKAP2,ONC,cancermine
CKAP5,ONC,cancermine
CLDN11,TSG,cancermine
CLDN3,ONC,cancermine
CLEC4C,TSG,cancermine
CLIC3,ONC,cancermine
CLIC4,TSG,cancermine
CLTC,ONC,cancermine
CMIP,ONC,cancermine
CNN1,TSG,cancermine
CNOT1,ONC,cancermine
CNTD2,ONC,cancermine
CNTF,ONC,cancermine
CNTN4,TSG,cancermine
COL1A2,ONC,cancermine
COL3A1,ONC,cancermine
CPNE1,ONC,cancermine
CREM,ONC,cancermine
CRIP2,TSG,cancermine
CRK,ONC,cancermine
CRNN,TSG,cancermine
CRTC2,TSG,cancermine
CSMD2,TSG,cancermine
CSNK1A1,TSG,cancermine
CSTA,TSG,cancermine
CT45A1,ONC,cancermine
CTAG1A,ONC,cancermine
CTR9,TSG,cancermine
CUEDC2,TSG,cancermine
CUL3,TSG,cancermine
CUL4B,ONC,cancermine
CXCR2,ONC,cancermine
CYP19A1,TSG,cancermine
CYP26A1,ONC,cancermine
CYSLTR2,ONC,cancermine
DAPK2,TSG,cancermine
DCDC2,TSG,cancermine
DDX41,TSG,cancermine
DDX6,ONC,cancermine
DENND2D,TSG,cancermine
DEPDC1,ONC,cancermine
DES,ONC,cancermine
DISC1,ONC,cancermine
DKK2,TSG,cancermine
DMTF1,TSG,cancermine
DNAJA3,TSG,cancermine
DPYSL3,ONC,cancermine
DSC3,TSG,cancermine
DSP,TSG,cancermine
DUSP26,TSG,cancermine
DYNLT3,ONC,cancermine
E2F8,ONC,cancermine
EEF2K,ONC,cancermine
EHD2,TSG,cancermine
EHD3,TSG,cancermine
EIF4A3,ONC,cancermine
ELAC2,TSG,cancermine
ELK4,ONC,cancermine
ENPEP,TSG,cancermine
EOMES,TSG,cancermine
EPHA5,TSG,cancermine
EPN3,ONC,cancermine
EREG,ONC,cancermine
ESCO2,TSG,cancermine
ESRRB,TSG,cancermine
ESRRG,TSG,cancermine
FAM83A,ONC,cancermine
FBXO4,TSG,cancermine
FBXW5,ONC,cancermine
FERMT1,ONC,cancermine
FGA,ONC,cancermine
FGF1,ONC,cancermine
FGF10,ONC,cancermine
FGF19,ONC,cancermine
FKBP2,ONC,cancermine
FKBP5,TSG,cancermine
FLNA,TSG,cancermine
FLRT2,TSG,cancermine
FN1,ONC,cancermine
FOXD1,ONC,cancermine
FOXL1,TSG,cancermine
FOXL2,TSG,cancermine
FOXN2,TSG,cancermine
FSTL5,TSG,cancermine
GABARAP,TSG,cancermine
GADD45B,ONC,cancermine
GBX2,ONC,cancermine
GDNF,ONC,cancermine
GGNBP2,TSG,cancermine
GLO1,TSG,cancermine
GNG7,TSG,cancermine
GOPC,ONC,cancermine
GPR161,TSG,cancermine
GPR65,TSG,cancermine
GPR87,ONC,cancermine
GRHL3,TSG,cancermine
GSPT1,ONC,cancermine
GTF2B,TSG,cancermine
GTF2I,ONC,cancermine
HERC4,ONC,cancermine
HES1,ONC,cancermine
HES6,ONC,cancermine
HEXIM1,TSG,cancermine
HINT1,TSG,cancermine
HIP1,ONC,cancermine
HIPK1,ONC,cancermine
HLA-C,ONC,cancermine
HLF,ONC,cancermine
HMGCS2,TSG,cancermine
HMOX1,ONC,cancermine
HNRNPD,ONC,cancermine
HOXB3,TSG,cancermine
HOXB5,ONC,cancermine
HOXC13,ONC,cancermine
HOXD9,ONC,cancermine
HPSE,ONC,cancermine
HSPG2,ONC,cancermine
HUWE1,TSG,cancermine
HYAL2,TSG,cancermine
IBSP,ONC,cancermine
ICOSLG,ONC,cancermine
IFITM3,ONC,cancermine
IHH,ONC,cancermine
IKBKG,ONC,cancermine
IKZF2,TSG,cancermine
IL13,ONC,cancermine
IL17RB,ONC,cancermine
IL1RAPL1,TSG,cancermine
IL2RG,ONC,cancermine
IL32,TSG,cancermine
IL33,TSG,cancermine
ING2,TSG,cancermine
INO80,ONC,cancermine
INPP5J,TSG,cancermine
IRAK1,ONC,cancermine
IST1,ONC,cancermine
ISX,ONC,cancermine
ITGA7,TSG,cancermine
ITLN1,TSG,cancermine
ITM2A,TSG,cancermine
JAG1,ONC,cancermine
JAM3,TSG,cancermine
KAT5,TSG,cancermine
KCNH2,ONC,cancermine
KCNK9,ONC,cancermine
KDM5D,TSG,cancermine
KIAA1324,TSG,cancermine
KIF1B,ONC,cancermine
KIF20B,ONC,cancermine
KIF5A,ONC,cancermine
KLK6,TSG,cancermine
KPNA2,ONC,cancermine
KRT14,ONC,cancermine
L3MBTL4,TSG,cancermine
LAMP3,ONC,cancermine
LBH,TSG,cancermine
LCK,ONC,cancermine
LDHA,ONC,cancermine
LEF1,ONC,cancermine
LETM1,TSG,cancermine
LGMN,ONC,cancermine
LHX3,ONC,cancermine
LHX9,TSG,cancermine
LIF,TSG,cancermine
LIMD1,TSG,cancermine
LITAF,TSG,cancermine
LMCD1,ONC,cancermine
LMTK3,ONC,cancermine
LOXL2,ONC,cancermine
LRIG3,TSG,cancermine
LRRN2,ONC,cancermine
LTBP2,ONC,cancermine
LUM,ONC,cancermine
LYVE1,ONC,cancermine
LZTR1,TSG,cancermine
MAEL,ONC,cancermine
MAP3K9,TSG,cancermine
MAP4K1,TSG,cancermine
MAPKAPK2,ONC,cancermine
MAPT,ONC,cancermine
MAVS,ONC,cancermine
MCM10,ONC,cancermine
MCM3AP,ONC,cancermine
MCRS1,ONC,cancermine
METTL14,TSG,cancermine
MGAT5,ONC,cancermine
MIB2,TSG,cancermine
MLANA,ONC,cancermine
MLXIP,ONC,cancermine
MMP12,ONC,cancermine
MMP13,ONC,cancermine
MMP3,ONC,cancermine
MPO,ONC,cancermine
MS4A1,ONC,cancermine
MSMP,ONC,cancermine
MTBP,ONC,cancermine
MTCP1,ONC,cancermine
MUC5B,ONC,cancermine
MYLK,ONC,cancermine
MYOF,ONC,cancermine
NBPF1,TSG,cancermine
NCALD,ONC,cancermine
NCAPG2,ONC,cancermine
NDN,TSG,cancermine
NEDD4,ONC,cancermine
NEDD4L,TSG,cancermine
NEUROD2,TSG,cancermine
NGB,TSG,cancermine
NIT2,ONC,cancermine
NKX6-2,TSG,cancermine
NME2,ONC,cancermine
NMU,ONC,cancermine
NOD1,TSG,cancermine
NOS1AP,TSG,cancermine
NOVA1,ONC,cancermine
NRARP,ONC,cancermine
NRBP1,TSG,cancermine
NRIP1,TSG,cancermine
NT5C1A,ONC,cancermine
NUDT1,ONC,cancermine
NUSAP1,ONC,cancermine
OCM,ONC,cancermine
OIP5,ONC,cancermine
OPTN,TSG,cancermine
ORAI3,ONC,cancermine
OSCP1,TSG,cancermine
OTUB1,ONC,cancermine
OTUB2,ONC,cancermine
P2RY2,ONC,cancermine
PABPC1,ONC,cancermine
PAPPA,ONC,cancermine
PARP4,TSG,cancermine
PARVA,ONC,cancermine
PAX1,TSG,cancermine
PAX4,TSG,cancermine
PCNP,TSG,cancermine
PDCD2,TSG,cancermine
PDCD6,TSG,cancermine
PDK3,ONC,cancermine
PDPN,ONC,cancermine
PDRG1,ONC,cancermine
PDSS2,TSG,cancermine
PEA15,TSG,cancermine
PEG10,ONC,cancermine
PEG3,TSG,cancermine
PES1,ONC,cancermine
PGF,ONC,cancermine
PGK1,ONC,cancermine
PHC3,TSG,cancermine
PHF19,ONC,cancermine
PHF5A,ONC,cancermine
PIAS1,TSG,cancermine
PICALM,ONC,cancermine
PIGT,ONC,cancermine
PIWIL4,ONC,cancermine
PKP1,TSG,cancermine
PLA2R1,TSG,cancermine
PLAU,ONC,cancermine
PLCD1,TSG,cancermine
PLG,ONC,cancermine
PLIN1,TSG,cancermine
PLK5,TSG,cancermine
PLOD3,ONC,cancermine
POLQ,TSG,cancermine
POU2F2,TSG,cancermine
POU4F2,ONC,cancermine
POU6F2,TSG,cancermine
PPARGC1A,TSG,cancermine
PPP1R13B,TSG,cancermine
PPP2R1A,ONC,cancermine
PPP2R1B,TSG,cancermine
PRAME,TSG,cancermine
PRCC,ONC,cancermine
PREB,ONC,cancermine
PRG3,ONC,cancermine
PRKD3,ONC,cancermine
PRLR,ONC,cancermine
PRMT1,ONC,cancermine
PRMT6,ONC,cancermine
PROS1,TSG,cancermine
PRSS50,ONC,cancermine
PTCD3,ONC,cancermine
PTCH2,ONC,cancermine
PTGES,ONC,cancermine
PTGR2,ONC,cancermine
PTPN14,TSG,cancermine
PTPRB,TSG,cancermine
PTPRF,TSG,cancermine
PUM1,ONC,cancermine
PYGO2,ONC,cancermine
QRSL1,ONC,cancermine
RAB23,ONC,cancermine
RAB2A,ONC,cancermine
RAB3A,ONC,cancermine
RAB3IP,ONC,cancermine
RABGEF1,ONC,cancermine
RABL3,ONC,cancermine
RAC2,ONC,cancermine
RAD17,TSG,cancermine
RAP1B,ONC,cancermine
RAP2B,ONC,cancermine
RASGRF1,ONC,cancermine
RASGRP2,ONC,cancermine
RB1CC1,TSG,cancermine
RBBP8,TSG,cancermine
RBM8A,ONC,cancermine
RBP1,TSG,cancermine
RBP2,ONC,cancermine
RCC1,TSG,cancermine
RDH10,ONC,cancermine
RFC5,ONC,cancermine
RGMB,ONC,cancermine
RGR,ONC,cancermine
RHCG,TSG,cancermine
RINT1,ONC,cancermine
RNF111,TSG,cancermine
RNF128,TSG,cancermine
RNF187,ONC,cancermine
ROCK2,ONC,cancermine
RPGRIP1L,TSG,cancermine
RPL23,ONC,cancermine
RPL39,ONC,cancermine
RPS7,TSG,cancermine
RRM2B,ONC,cancermine
RTL1,ONC,cancermine
SAMD9,TSG,cancermine
SAV1,TSG,cancermine
SBSN,ONC,cancermine
SCARA5,TSG,cancermine
SCGB3A1,TSG,cancermine
SCUBE2,TSG,cancermine
SDHD,TSG,cancermine
SEC63,TSG,cancermine
SEL1L,TSG,cancermine
SEMA4D,ONC,cancermine
SEMA6D,ONC,cancermine
SENP1,ONC,cancermine
SERPIND1,ONC,cancermine
SERPINE2,ONC,cancermine
SERPINF1,TSG,cancermine
SFPQ,ONC,cancermine
SFRP4,TSG,cancermine
SHCBP1,ONC,cancermine
SIAH1,TSG,cancermine
SLC16A3,ONC,cancermine
SLC17A7,TSG,cancermine
SLC39A6,ONC,cancermine
SLC9A1,TSG,cancermine
SMAD7,ONC,cancermine
SMARCA5,ONC,cancermine
SMG1,TSG,cancermine
SMUG1,ONC,cancermine
SNX10,TSG,cancermine
SOS1,ONC,cancermine
SP7,TSG,cancermine
SPINK1,ONC,cancermine
SPINK7,TSG,cancermine
SPON2,ONC,cancermine
SRSF2,ONC,cancermine
SRSF6,ONC,cancermine
SSTR2,TSG,cancermine
ST13,TSG,cancermine
ST7,TSG,cancermine
STAT6,ONC,cancermine
STC1,ONC,cancermine
STK17B,TSG,cancermine
STK24,ONC,cancermine
SUV39H2,ONC,cancermine
SYCP3,ONC,cancermine
SYNM,TSG,cancermine
SYT7,ONC,cancermine
TACR1,TSG,cancermine
TBC1D24,ONC,cancermine
TBRG1,TSG,cancermine
TC2N,ONC,cancermine
TCEA3,TSG,cancermine
TCEAL7,TSG,cancermine
TCL1B,ONC,cancermine
TCP10L,TSG,cancermine
TELO2,ONC,cancermine
TFF2,TSG,cancermine
TFRC,ONC,cancermine
TGFBR1,ONC,cancermine
TGFBR2,TSG,cancermine
TGM2,ONC,cancermine
THPO,ONC,cancermine
TIA1,ONC,cancermine
TIMELESS,ONC,cancermine
TM9SF2,ONC,cancermine
TMED2,ONC,cancermine
TMEM106B,ONC,cancermine
TMEM158,ONC,cancermine
TMEM45A,ONC,cancermine
TMEM45B,ONC,cancermine
TMEM71,ONC,cancermine
TMEM74,ONC,cancermine
TMEM8B,TSG,cancermine
TMPRSS11A,TSG,cancermine
TNFAIP1,TSG,cancermine
TNFAIP8L3,ONC,cancermine
TNFRSF11B,ONC,cancermine
TNFRSF12A,TSG,cancermine
TNFRSF13B,ONC,cancermine
TNFRSF19,ONC,cancermine
TOM1L1,ONC,cancermine
TOP2A,ONC,cancermine
TOP3A,ONC,cancermine
TOX,ONC,cancermine
TPO,ONC,cancermine
TPPP3,ONC,cancermine
TRADD,ONC,cancermine
TREH,ONC,cancermine
TRIM21,TSG,cancermine
TRIM35,TSG,cancermine
TRIM63,ONC,cancermine
TRIM65,ONC,cancermine
TSPAN1,ONC,cancermine
TSPO,ONC,cancermine
TTBK2,ONC,cancermine
TTK,ONC,cancermine
TUSC1,TSG,cancermine
TXNRD2,ONC,cancermine
TYK2,ONC,cancermine
U2AF1,ONC,cancermine
UBD,ONC,cancermine
UBE2QL1,TSG,cancermine
UBE2T,ONC,cancermine
UBE4B,ONC,cancermine
UFC1,ONC,cancermine
USF2,TSG,cancermine
USP17L2,TSG,cancermine
USP21,ONC,cancermine
USP5,ONC,cancermine
USP54,ONC,cancermine
VASH2,ONC,cancermine
VASP,ONC,cancermine
VENTX,TSG,cancermine
VOPP1,ONC,cancermine
VPS33B,TSG,cancermine
WASF3,TSG,cancermine
WASL,ONC,cancermine
WDR11,TSG,cancermine
WDR54,ONC,cancermine
WIPF1,ONC,cancermine
WNT2,ONC,cancermine
WNT2B,ONC,cancermine
WNT6,ONC,cancermine
WNT7B,ONC,cancermine
WWC1,TSG,cancermine
WWTR1,ONC,cancermine
XPC,TSG,cancermine
XRCC1,TSG,cancermine
XRCC5,TSG,cancermine
YPEL3,TSG,cancermine
ZBTB2,ONC,cancermine
ZDHHC5,ONC,cancermine
ZFP36L1,TSG,cancermine
ZIC5,ONC,cancermine
ZMIZ1,ONC,cancermine
ZNF143,ONC,cancermine
ZNF366,TSG,cancermine
ZNF667,ONC,cancermine
ZNF668,TSG,cancermine
ABCC4,ONC,cancermine
ABI3,TSG,cancermine
ABLIM1,TSG,cancermine
ACADL,TSG,cancermine
ACADM,ONC,cancermine
ACE2,TSG,cancermine
ACHE,TSG,cancermine
ACIN1,ONC,cancermine
ACLY,ONC,cancermine
ACOT7,TSG,cancermine
ACP1,ONC,cancermine
ACRBP,ONC,cancermine
ACSL5,TSG,cancermine
ACSM3,TSG,cancermine
ACTA1,TSG,cancermine
ACTN4,ONC,cancermine
ACVR1C,TSG,cancermine
ACVRL1,ONC,cancermine
ADAM11,TSG,cancermine
ADAM12,ONC,cancermine
ADAM19,TSG,cancermine
ADAM23,TSG,cancermine
ADAM33,TSG,cancermine
ADAMTS12,TSG,cancermine
ADAMTS8,TSG,cancermine
ADARB2,TSG,cancermine
ADAT2,TSG,cancermine
ADCY9,ONC,cancermine
ADD2,ONC,cancermine
ADGB,ONC,cancermine
ADHFE1,ONC,cancermine
ADORA1,TSG,cancermine
ADPRH,TSG,cancermine
AEBP1,ONC,cancermine
AFAP1L2,ONC,cancermine
AFF3,ONC,cancermine
AGFG1,TSG,cancermine
AGPS,ONC,cancermine
AGTR1,TSG,cancermine
AHNAK2,ONC,cancermine
AIRE,ONC,cancermine
AKR1B10,ONC,cancermine
AKR7A3,TSG,cancermine
ALCAM,ONC,cancermine
ALG1,ONC,cancermine
ALG2,TSG,cancermine
ALKBH3,TSG,cancermine
ALPP,ONC,cancermine
ALX4,TSG,cancermine
ALYREF,ONC,cancermine
AMBN,TSG,cancermine
AMH,TSG,cancermine
ANAPC11,ONC,cancermine
ANGPT1,TSG,cancermine
ANGPTL1,TSG,cancermine
ANKDD1A,TSG,cancermine
ANKH,ONC,cancermine
ANKHD1,ONC,cancermine
ANKRD11,TSG,cancermine
ANKRD18A,ONC,cancermine
ANKRD36B,TSG,cancermine
ANKRD49,ONC,cancermine
ANLN,ONC,cancermine
ANP32B,ONC,cancermine
ANP32D,ONC,cancermine
ANPEP,ONC,cancermine
ANXA11,ONC,cancermine
ANXA3,ONC,cancermine
ANXA9,TSG,cancermine
APOA1,ONC,cancermine
APOC2,TSG,cancermine
APPBP2,ONC,cancermine
AQP3,ONC,cancermine
AQP5,ONC,cancermine
AQP7,ONC,cancermine
ARAP3,ONC,cancermine
ARF6,ONC,cancermine
ARHGAP30,TSG,cancermine
ARHGAP44,TSG,cancermine
ARHGDIB,ONC,cancermine
ARHGEF10,TSG,cancermine
ARHGEF11,ONC,cancermine
ARHGEF4,ONC,cancermine
ARID3A,ONC,cancermine
ARID3B,ONC,cancermine
ARL6IP5,TSG,cancermine
ARNT2,TSG,cancermine
ARPC1A,ONC,cancermine
ARPC2,ONC,cancermine
ARSB,TSG,cancermine
ASAH1,ONC,cancermine
ASAP1,ONC,cancermine
ASAP3,ONC,cancermine
ASF1A,ONC,cancermine
ASXL2,TSG,cancermine
ATF5,ONC,cancermine
ATF7,TSG,cancermine
ATG4B,ONC,cancermine
ATG5,TSG,cancermine
ATOH8,ONC,cancermine
ATP1B3,ONC,cancermine
AVP,ONC,cancermine
AZIN1,ONC,cancermine
B3GAT3,ONC,cancermine
B3GNT3,ONC,cancermine
B4GALNT3,TSG,cancermine
B9D1,TSG,cancermine
BANK1,TSG,cancermine
BARX2,TSG,cancermine
BATF,ONC,cancermine
BCAM,TSG,cancermine
BCAN,ONC,cancermine
BCAS1,ONC,cancermine
BCCIP,ONC,cancermine
BCKDHB,TSG,cancermine
BCL2L10,ONC,cancermine
BCL2L12,ONC,cancermine
BCO2,TSG,cancermine
BDH2,TSG,cancermine
BHLHA15,TSG,cancermine
BHLHE22,ONC,cancermine
BHLHE40,TSG,cancermine
BIRC6,ONC,cancermine
BLM,ONC,cancermine
BMF,TSG,cancermine
BMP6,TSG,cancermine
BMPR1A,TSG,cancermine
BMX,ONC,cancermine
BNC1,TSG,cancermine
BOK,TSG,cancermine
BOLL,ONC,cancermine
BPIFA1,ONC,cancermine
BPIFB1,TSG,cancermine
BRCC3,ONC,cancermine
BRIX1,TSG,cancermine
BRMS1,TSG,cancermine
BRMS1L,ONC,cancermine
BRSK1,TSG,cancermine
BTG4,TSG,cancermine
BUB1,ONC,cancermine
BUB1B,TSG,cancermine
C10orf90,ONC,cancermine
C1GALT1,ONC,cancermine
C1QTNF1,ONC,cancermine
C1QTNF8,ONC,cancermine
C1orf87,ONC,cancermine
C3orf52,TSG,cancermine
C8orf76,ONC,cancermine
CA1,ONC,cancermine
CA8,ONC,cancermine
CAB39L,TSG,cancermine
CABYR,ONC,cancermine
CACNA1D,ONC,cancermine
CAD,TSG,cancermine
CADM2,TSG,cancermine
CALB1,ONC,cancermine
CALM1,ONC,cancermine
CALML3,ONC,cancermine
CAP1,ONC,cancermine
CAPN2,ONC,cancermine
CAPN6,TSG,cancermine
CAPN9,TSG,cancermine
CAPS,ONC,cancermine
CARD8,TSG,cancermine
CASP1,TSG,cancermine
CASP9,ONC,cancermine
CAST,ONC,cancermine
CBFA2T2,TSG,cancermine
CBS,ONC,cancermine
CBX3,ONC,cancermine
CBX6,TSG,cancermine
CCAR1,ONC,cancermine
CCDC136,TSG,cancermine
CCDC54,ONC,cancermine
CCDC88A,ONC,cancermine
CCL20,ONC,cancermine
CCL26,ONC,cancermine
CCNB1,ONC,cancermine
CCNK,ONC,cancermine
CCPG1,ONC,cancermine
CCR9,ONC,cancermine
CCRL2,TSG,cancermine
CD109,ONC,cancermine
CD163,ONC,cancermine
CD164,TSG,cancermine
CD1A,ONC,cancermine
CD1D,TSG,cancermine
CD276,ONC,cancermine
CD46,ONC,cancermine
CD5,TSG,cancermine
CD55,ONC,cancermine
CD58,TSG,cancermine
CD81,TSG,cancermine
CDC45,ONC,cancermine
CDH6,TSG,cancermine
CDHR2,TSG,cancermine
CDK19,ONC,cancermine
CDYL,ONC,cancermine
CEACAM19,ONC,cancermine
CEBPE,ONC,cancermine
CELF6,TSG,cancermine
CENPA,ONC,cancermine
CENPK,ONC,cancermine
CEP72,ONC,cancermine
CFH,ONC,cancermine
CHAF1A,ONC,cancermine
CHKA,ONC,cancermine
CHMP4B,ONC,cancermine
CHRDL2,ONC,cancermine
CHRM3,ONC,cancermine
CIDEB,ONC,cancermine
CISH,ONC,cancermine
CIT,ONC,cancermine
CITED2,TSG,cancermine
CKS1B,ONC,cancermine
CKS2,ONC,cancermine
CLCA4,TSG,cancermine
CLCN3,ONC,cancermine
CLDN23,TSG,cancermine
CLDN4,ONC,cancermine
CLEC18B,ONC,cancermine
CLEC4M,ONC,cancermine
CLIC1,ONC,cancermine
CLK1,ONC,cancermine
CLPTM1L,ONC,cancermine
CMPK1,ONC,cancermine
CNKSR1,ONC,cancermine
CNOT7,TSG,cancermine
CNR1,TSG,cancermine
CNR2,ONC,cancermine
CNTN2,TSG,cancermine
COLQ,ONC,cancermine
COMMD10,TSG,cancermine
COPB2,ONC,cancermine
COPZ1,ONC,cancermine
CORO1C,ONC,cancermine
COTL1,ONC,cancermine
COX4I1,ONC,cancermine
CPA4,ONC,cancermine
CPEB2,TSG,cancermine
CPNE3,ONC,cancermine
CPPED1,TSG,cancermine
CPSF4,ONC,cancermine
CR1,TSG,cancermine
CRABP1,TSG,cancermine
CRCT1,TSG,cancermine
CREB3L1,TSG,cancermine
CRH,ONC,cancermine
CRMP1,TSG,cancermine
CSDE1,ONC,cancermine
CSNK2A1,ONC,cancermine
CSPP1,ONC,cancermine
CSRP1,TSG,cancermine
CST1,ONC,cancermine
CST3,ONC,cancermine
CSTB,ONC,cancermine
CTSD,ONC,cancermine
CTSH,ONC,cancermine
CTSK,ONC,cancermine
CTSZ,ONC,cancermine
CUL2,ONC,cancermine
CUL5,TSG,cancermine
CUX2,ONC,cancermine
CWC27,ONC,cancermine
CXCL11,TSG,cancermine
CXCL17,ONC,cancermine
CXCL3,ONC,cancermine
CXCR1,ONC,cancermine
CXXC1,ONC,cancermine
CXXC5,ONC,cancermine
CYB5D2,TSG,cancermine
CYB5R2,TSG,cancermine
CYP1A1,ONC,cancermine
CYP2D6,TSG,cancermine
CYP2E1,TSG,cancermine
CYP3A5,TSG,cancermine
CYP4V2,ONC,cancermine
DAAM1,ONC,cancermine
DAB1,TSG,cancermine
DAPK3,TSG,cancermine
DAXX,ONC,cancermine
DAZAP1,ONC,cancermine
DBH,ONC,cancermine
DBN1,ONC,cancermine
DCAF6,TSG,cancermine
DCLK1,TSG,cancermine
DCLK3,ONC,cancermine
DDB1,ONC,cancermine
DDHD2,ONC,cancermine
DDRGK1,TSG,cancermine
DDT,ONC,cancermine
DDX10,ONC,cancermine
DDX23,ONC,cancermine
DEFB4A,ONC,cancermine
DFFA,ONC,cancermine
DGCR8,ONC,cancermine
DGKB,ONC,cancermine
DGKG,TSG,cancermine
DGKZ,ONC,cancermine
DHH,ONC,cancermine
DHRS7,TSG,cancermine
DHX15,TSG,cancermine
DIDO1,TSG,cancermine
DIMT1,ONC,cancermine
DKK4,ONC,cancermine
DLG5,TSG,cancermine
DLL3,ONC,cancermine
DLX1,ONC,cancermine
DMGDH,ONC,cancermine
DMKN,ONC,cancermine
DNAH5,ONC,cancermine
DNAJB6,ONC,cancermine
DNAJC11,TSG,cancermine
DNAJC2,TSG,cancermine
DNAJC25,TSG,cancermine
DNALI1,TSG,cancermine
DND1,TSG,cancermine
DNM2,ONC,cancermine
DNTTIP1,ONC,cancermine
DOC2A,TSG,cancermine
DOC2B,TSG,cancermine
DOK6,ONC,cancermine
DPH3,TSG,cancermine
DRAM2,ONC,cancermine
DRD1,TSG,cancermine
DROSHA,TSG,cancermine
DSC2,TSG,cancermine
DSCAM,ONC,cancermine
DTNB,TSG,cancermine
DTWD1,TSG,cancermine
DTX3L,TSG,cancermine
DTYMK,ONC,cancermine
DUOX1,TSG,cancermine
DUSP10,TSG,cancermine
DUSP2,TSG,cancermine
DUSP8,ONC,cancermine
E2F4,ONC,cancermine
E2F7,ONC,cancermine
EBP,TSG,cancermine
EDA2R,TSG,cancermine
EDAR,TSG,cancermine
EED,TSG,cancermine
EEF1A1,ONC,cancermine
EEF1D,ONC,cancermine
EEF1E1,TSG,cancermine
EFEMP2,ONC,cancermine
EFNA3,TSG,cancermine
EGR4,ONC,cancermine
EHMT1,TSG,cancermine
EIF3A,ONC,cancermine
EIF3F,TSG,cancermine
EIF3H,ONC,cancermine
EIF3I,ONC,cancermine
EIF4A1,ONC,cancermine
EIF4B,ONC,cancermine
EIF4G1,ONC,cancermine
ELAVL4,ONC,cancermine
ELFN2,ONC,cancermine
ELL,TSG,cancermine
ELMO3,ONC,cancermine
ELOVL6,ONC,cancermine
ENKUR,TSG,cancermine
ENSA,ONC,cancermine
EPB41L1,TSG,cancermine
EPB41L2,ONC,cancermine
EPG5,TSG,cancermine
EPHA4,TSG,cancermine
EPHA8,ONC,cancermine
EPHB1,TSG,cancermine
EPHX2,TSG,cancermine
EPS8L3,ONC,cancermine
ERCC1,ONC,cancermine
ERCC2,ONC,cancermine
ERCC6,TSG,cancermine
ERCC6L,ONC,cancermine
ERCC8,ONC,cancermine
ERLIN2,ONC,cancermine
ERN1,ONC,cancermine
ERV3-1,TSG,cancermine
ESPN,ONC,cancermine
ESRRA,ONC,cancermine
ETF1,TSG,cancermine
ETV3,TSG,cancermine
ETV5,ONC,cancermine
EVI5,ONC,cancermine
EXD3,ONC,cancermine
EXOC7,ONC,cancermine
EXOSC1,TSG,cancermine
EXOSC4,ONC,cancermine
FABP1,TSG,cancermine
FABP7,TSG,cancermine
FADD,ONC,cancermine
FAF1,TSG,cancermine
FAM163A,ONC,cancermine
FAM172A,TSG,cancermine
FAM3C,ONC,cancermine
FAM83F,ONC,cancermine
FANCA,ONC,cancermine
FANCM,TSG,cancermine
FAP,ONC,cancermine
FBLN1,TSG,cancermine
FBLN5,TSG,cancermine
FBXL18,ONC,cancermine
FBXL5,ONC,cancermine
FBXL7,TSG,cancermine
FBXO16,TSG,cancermine
FBXO22,ONC,cancermine
FBXO28,ONC,cancermine
FBXO9,ONC,cancermine
FBXW12,TSG,cancermine
FBXW2,TSG,cancermine
FBXW4,TSG,cancermine
FDPS,ONC,cancermine
FECH,TSG,cancermine
FER,ONC,cancermine
FEZF2,TSG,cancermine
FGF23,ONC,cancermine
FGL1,TSG,cancermine
FKBP14,ONC,cancermine
FLNC,TSG,cancermine
FLVCR2,ONC,cancermine
FMN2,ONC,cancermine
FMNL2,ONC,cancermine
FMNL3,ONC,cancermine
FMO2,TSG,cancermine
FNDC1,ONC,cancermine
FNIP1,TSG,cancermine
FNIP2,TSG,cancermine
FOXE1,TSG,cancermine
FOXJ1,TSG,cancermine
FOXN1,TSG,cancermine
FOXP4,ONC,cancermine
FPR2,ONC,cancermine
FRMD6,TSG,cancermine
FRMPD1,TSG,cancermine
FSHR,ONC,cancermine
FSIP1,ONC,cancermine
FST,ONC,cancermine
FSTL3,ONC,cancermine
FTCD,TSG,cancermine
FTH1,ONC,cancermine
FXN,TSG,cancermine
FZD10,ONC,cancermine
FZD8,ONC,cancermine
G0S2,TSG,cancermine
GAB1,ONC,cancermine
GABARAPL1,TSG,cancermine
GABRQ,ONC,cancermine
GAD1,ONC,cancermine
GALNT3,ONC,cancermine
GALNT5,ONC,cancermine
GALNT6,ONC,cancermine
GALNT7,ONC,cancermine
GART,ONC,cancermine
GBA,ONC,cancermine
GCA,ONC,cancermine
GCG,ONC,cancermine
GCNT4,ONC,cancermine
GDF6,ONC,cancermine
GDI2,TSG,cancermine
GEN1,TSG,cancermine
GGA1,ONC,cancermine
GGH,TSG,cancermine
GGT1,ONC,cancermine
GHR,ONC,cancermine
GINS2,ONC,cancermine
GINS4,ONC,cancermine
GIP,ONC,cancermine
GIPC1,TSG,cancermine
GIT1,ONC,cancermine
GJA3,ONC,cancermine
GJB3,TSG,cancermine
GKN2,TSG,cancermine
GLA,ONC,cancermine
GLCE,ONC,cancermine
GLUL,ONC,cancermine
GMPS,ONC,cancermine
GNA14,ONC,cancermine
GNG11,TSG,cancermine
GNL3,ONC,cancermine
GNPTAB,ONC,cancermine
GNRHR,TSG,cancermine
GOLGA2,TSG,cancermine
GOLIM4,ONC,cancermine
GOT1,ONC,cancermine
GOT2,ONC,cancermine
GP2,ONC,cancermine
GPAA1,ONC,cancermine
GPC1,ONC,cancermine
GPD1,TSG,cancermine
GPI,ONC,cancermine
GPR35,ONC,cancermine
GPR68,TSG,cancermine
GPS1,TSG,cancermine
GPX2,ONC,cancermine
GRIK3,ONC,cancermine
GRINA,ONC,cancermine
GRM3,ONC,cancermine
GRM4,TSG,cancermine
GSDMA,TSG,cancermine
GSK3A,ONC,cancermine
GSK3B,ONC,cancermine
GSX2,TSG,cancermine
GXYLT2,TSG,cancermine
HAT1,ONC,cancermine
HBB,ONC,cancermine
HCFC1,TSG,cancermine
HCFC1R1,ONC,cancermine
HCK,ONC,cancermine
HDAC11,TSG,cancermine
HDAC5,TSG,cancermine
HDAC7,ONC,cancermine
HELZ,TSG,cancermine
HES3,TSG,cancermine
HEXA,TSG,cancermine
HEY1,ONC,cancermine
HGD,TSG,cancermine
HGS,ONC,cancermine
HHATL,TSG,cancermine
HHIP,ONC,cancermine
HIF1AN,TSG,cancermine
HINT2,TSG,cancermine
HLA-B,ONC,cancermine
HLA-F,ONC,cancermine
HLA-G,ONC,cancermine
HLTF,TSG,cancermine
HLX,TSG,cancermine
HMGN2,ONC,cancermine
HNF4G,ONC,cancermine
HNRNPL,ONC,cancermine
HOMER1,ONC,cancermine
HORMAD1,ONC,cancermine
HOXA3,ONC,cancermine
HOXB1,TSG,cancermine
HOXB7,ONC,cancermine
HOXB9,TSG,cancermine
HOXC10,ONC,cancermine
HOXC12,TSG,cancermine
HOXC5,TSG,cancermine
HOXC9,ONC,cancermine
HOXD13,TSG,cancermine
HOXD8,TSG,cancermine
HPN,ONC,cancermine
HRC,TSG,cancermine
HSD11B1,ONC,cancermine
HSD17B4,TSG,cancermine
HSDL2,ONC,cancermine
HSF2,TSG,cancermine
HSP90AB1,ONC,cancermine
HSP90B1,ONC,cancermine
HSPA2,ONC,cancermine
HSPA5,TSG,cancermine
HSPB7,TSG,cancermine
HUS1,ONC,cancermine
ICK,ONC,cancermine
IER3,TSG,cancermine
IFI30,TSG,cancermine
IFI44L,TSG,cancermine
IFI6,ONC,cancermine
IFIT2,TSG,cancermine
IFIT3,TSG,cancermine
IFIT5,ONC,cancermine
IFNAR1,TSG,cancermine
IFNB1,ONC,cancermine
IFNGR1,TSG,cancermine
IGF2BP3,ONC,cancermine
IGFBP1,TSG,cancermine
IGFBP4,TSG,cancermine
IK,TSG,cancermine
IKZF5,ONC,cancermine
IL12B,ONC,cancermine
IL25,ONC,cancermine
IL27,ONC,cancermine
IL27RA,TSG,cancermine
IL31,ONC,cancermine
IL37,TSG,cancermine
IL4,ONC,cancermine
IL6ST,TSG,cancermine
ILKAP,ONC,cancermine
INO80C,TSG,cancermine
INPP4A,TSG,cancermine
INS-IGF2,ONC,cancermine
IPO7,ONC,cancermine
IQGAP3,ONC,cancermine
IQUB,ONC,cancermine
IRAK2,ONC,cancermine
IRF2,ONC,cancermine
IRF7,ONC,cancermine
IRS1,ONC,cancermine
IRS4,ONC,cancermine
IRX4,TSG,cancermine
IRX5,ONC,cancermine
ISCU,ONC,cancermine
ITGA3,ONC,cancermine
ITGB1,ONC,cancermine
ITGB4,ONC,cancermine
ITGBL1,TSG,cancermine
ITM2B,ONC,cancermine
ITPKA,ONC,cancermine
ITPKB,TSG,cancermine
JARID2,TSG,cancermine
JMJD6,ONC,cancermine
JPH3,TSG,cancermine
JUND,ONC,cancermine
JUP,TSG,cancermine
KAT6B,TSG,cancermine
KAT7,ONC,cancermine
KAT8,ONC,cancermine
KCNA1,ONC,cancermine
KCNA3,TSG,cancermine
KCNJ2,ONC,cancermine
KCNJ3,ONC,cancermine
KCNT1,ONC,cancermine
KCTD21,TSG,cancermine
KDM1B,ONC,cancermine
KHDRBS1,ONC,cancermine
KHSRP,ONC,cancermine
KIAA0100,TSG,cancermine
KIAA1549,ONC,cancermine
KIF23,ONC,cancermine
KIF2C,ONC,cancermine
KLF14,ONC,cancermine
KLF17,TSG,cancermine
KLF7,ONC,cancermine
KLHL20,TSG,cancermine
KLLN,TSG,cancermine
KPNA4,ONC,cancermine
KRT13,TSG,cancermine
KRT16,ONC,cancermine
KRT17,ONC,cancermine
KRT6A,ONC,cancermine
LACRT,ONC,cancermine
LACTB,TSG,cancermine
LANCL1,ONC,cancermine
LARP1,ONC,cancermine
LARS2,ONC,cancermine
LCOR,TSG,cancermine
LDLR,ONC,cancermine
LDLRAP1,TSG,cancermine
LECT2,TSG,cancermine
LEFTY2,TSG,cancermine
LEO1,ONC,cancermine
LGALS1,ONC,cancermine
LGALSL,ONC,cancermine
LHX4,ONC,cancermine
LHX8,ONC,cancermine
LIMK1,ONC,cancermine
LIMK2,ONC,cancermine
LMBR1,ONC,cancermine
LMNB1,TSG,cancermine
LMX1A,TSG,cancermine
LMX1B,ONC,cancermine
LNX2,ONC,cancermine
LOXL1,TSG,cancermine
LPAR6,ONC,cancermine
LRRK2,ONC,cancermine
LTBP1,ONC,cancermine
LYPD4,ONC,cancermine
MACROD1,ONC,cancermine
MAD2L1,ONC,cancermine
MAFF,ONC,cancermine
MAGEC2,ONC,cancermine
MAL2,ONC,cancermine
MAN1C1,TSG,cancermine
MAP2,TSG,cancermine
MAP2K3,TSG,cancermine
MAP3K13,ONC,cancermine
MAP3K2,TSG,cancermine
MAP3K6,ONC,cancermine
MAP4K3,TSG,cancermine
MAP9,ONC,cancermine
MAPK11,ONC,cancermine
MAPK13,TSG,cancermine
MAPK3,ONC,cancermine
MAPK8IP3,ONC,cancermine
MAPKAPK3,ONC,cancermine
MAPKAPK5,ONC,cancermine
MARVELD2,ONC,cancermine
MAS1,ONC,cancermine
MAST1,ONC,cancermine
MAT1A,ONC,cancermine
MAT2A,ONC,cancermine
MBD1,TSG,cancermine
MBD2,TSG,cancermine
MBD3,ONC,cancermine
MBNL3,ONC,cancermine
MCM2,ONC,cancermine
MCM3,ONC,cancermine
MCM6,TSG,cancermine
ME1,ONC,cancermine
MED23,ONC,cancermine
MED29,ONC,cancermine
MEF2A,TSG,cancermine
MEF2B,ONC,cancermine
MEGF10,TSG,cancermine
MFHAS1,ONC,cancermine
MFN2,TSG,cancermine
MFSD2A,TSG,cancermine
MGA,TSG,cancermine
MGAT3,ONC,cancermine
MIA2,TSG,cancermine
MICA,ONC,cancermine
MKNK2,ONC,cancermine
MLF1,ONC,cancermine
MMP1,ONC,cancermine
MMP10,ONC,cancermine
MMP11,ONC,cancermine
MMP16,ONC,cancermine
MMP8,TSG,cancermine
MMS22L,ONC,cancermine
MON1B,ONC,cancermine
MORC2,ONC,cancermine
MRAS,ONC,cancermine
MRO,ONC,cancermine
MRPL42,ONC,cancermine
MRPL48,TSG,cancermine
MSH3,TSG,cancermine
MSLN,ONC,cancermine
MSMB,TSG,cancermine
MSR1,ONC,cancermine
MSX2,ONC,cancermine
MT1F,TSG,cancermine
MT1H,TSG,cancermine
MT1X,TSG,cancermine
MTA2,ONC,cancermine
MTFP1,TSG,cancermine
MTHFD1L,ONC,cancermine
MTMR14,ONC,cancermine
MTO1,TSG,cancermine
MUC13,ONC,cancermine
MUC6,TSG,cancermine
MUL1,TSG,cancermine
MUTYH,ONC,cancermine
MVP,TSG,cancermine
MXD1,TSG,cancermine
MYCBP2,ONC,cancermine
MYCT1,TSG,cancermine
MYF5,ONC,cancermine
MZB1,TSG,cancermine
N4BP2L1,ONC,cancermine
NAA10,ONC,cancermine
NAB2,ONC,cancermine
NAGA,TSG,cancermine
NAIF1,TSG,cancermine
NAV3,TSG,cancermine
NCOA1,ONC,cancermine
NCOA6,TSG,cancermine
NDC80,ONC,cancermine
NDRG3,TSG,cancermine
NDUFA13,TSG,cancermine
NDUFA4,ONC,cancermine
NEFL,TSG,cancermine
NEFM,TSG,cancermine
NEK8,ONC,cancermine
NEUROG2,ONC,cancermine
NFAT5,TSG,cancermine
NFATC3,TSG,cancermine
NFATC4,ONC,cancermine
NFE2L3,TSG,cancermine
NFIA,ONC,cancermine
NFIC,ONC,cancermine
NFKBIA,TSG,cancermine
NFKBIB,TSG,cancermine
NFYA,ONC,cancermine
NFYC,ONC,cancermine
NINL,ONC,cancermine
NKAIN2,TSG,cancermine
NKX3-2,ONC,cancermine
NLRC5,ONC,cancermine
NLRP6,TSG,cancermine
NNAT,TSG,cancermine
NNT,ONC,cancermine
NOL3,TSG,cancermine
NOL4,TSG,cancermine
NOP56,ONC,cancermine
NOS1,ONC,cancermine
NOX1,ONC,cancermine
NOX4,ONC,cancermine
NPPA,TSG,cancermine
NPRL2,TSG,cancermine
NR0B1,ONC,cancermine
NR2C2,ONC,cancermine
NR5A1,TSG,cancermine
NRL,ONC,cancermine
NRN1,ONC,cancermine
NRP1,TSG,cancermine
NTN4,TSG,cancermine
NUCKS1,ONC,cancermine
NUDCD1,ONC,cancermine
NUDT21,ONC,cancermine
NUF2,ONC,cancermine
NUP153,ONC,cancermine
OGG1,TSG,cancermine
OLIG2,ONC,cancermine
OMD,ONC,cancermine
OPN1MW,ONC,cancermine
OPRM1,ONC,cancermine
OSMR,TSG,cancermine
OSTM1,ONC,cancermine
P4HB,ONC,cancermine
PACS1,ONC,cancermine
PADI4,TSG,cancermine
PAF1,TSG,cancermine
PAFAH1B1,ONC,cancermine
PAIP2B,TSG,cancermine
PAM,ONC,cancermine
PAMR1,TSG,cancermine
PANX1,TSG,cancermine
PANX2,TSG,cancermine
PAOX,TSG,cancermine
PARP15,TSG,cancermine
PARP6,TSG,cancermine
PARPBP,ONC,cancermine
PASD1,ONC,cancermine
PAX7,ONC,cancermine
PBLD,TSG,cancermine
PCDH20,TSG,cancermine
PCDHGB7,TSG,cancermine
PCK1,TSG,cancermine
PCLO,ONC,cancermine
PCMT1,ONC,cancermine
PCSK7,ONC,cancermine
PDCD1,ONC,cancermine
PDE3A,ONC,cancermine
PDE4D,TSG,cancermine
PDGFRL,TSG,cancermine
PDIA6,ONC,cancermine
PDK4,TSG,cancermine
PDS5B,ONC,cancermine
PDXP,TSG,cancermine
PDZK1,ONC,cancermine
PEAK1,ONC,cancermine
PECAM1,ONC,cancermine
PER3,ONC,cancermine
PERP,TSG,cancermine
PFKFB3,ONC,cancermine
PFN2,ONC,cancermine
PGC,TSG,cancermine
PHB2,TSG,cancermine
PHF1,TSG,cancermine
PHF10,TSG,cancermine
PHF13,ONC,cancermine
PHF20,ONC,cancermine
PHF20L1,ONC,cancermine
PHF21B,ONC,cancermine
PHF7,ONC,cancermine
PHIP,TSG,cancermine
PI15,ONC,cancermine
PI4K2B,TSG,cancermine
PIAS3,TSG,cancermine
PIGA,ONC,cancermine
PIK3R2,ONC,cancermine
PIK3R3,TSG,cancermine
PIP,ONC,cancermine
PIP4K2A,TSG,cancermine
PIWIL2,ONC,cancermine
PIWIL3,ONC,cancermine
PKD2,ONC,cancermine
PKHD1,TSG,cancermine
PKHD1L1,TSG,cancermine
PKN2,TSG,cancermine
PKNOX2,TSG,cancermine
PKP3,ONC,cancermine
PLA2G7,ONC,cancermine
PLCB1,TSG,cancermine
PLD2,ONC,cancermine
PLEKHA2,ONC,cancermine
PLEKHO1,TSG,cancermine
PLK3,TSG,cancermine
PLOD2,ONC,cancermine
PLS3,ONC,cancermine
PNCK,ONC,cancermine
PNO1,ONC,cancermine
PNRC1,TSG,cancermine
POLDIP2,ONC,cancermine
PON3,ONC,cancermine
POU1F1,ONC,cancermine
POU3F3,ONC,cancermine
POU5F1B,ONC,cancermine
PPBP,ONC,cancermine
PPIA,ONC,cancermine
PPM1K,ONC,cancermine
PPP1R14A,TSG,cancermine
PPP1R18,TSG,cancermine
PPP1R7,TSG,cancermine
PPP1R9B,TSG,cancermine
PPP2CA,ONC,cancermine
PPP2R2A,ONC,cancermine
PPP2R3B,TSG,cancermine
PPP4C,ONC,cancermine
PPP5C,ONC,cancermine
PRB1,ONC,cancermine
PRDX2,ONC,cancermine
PRDX3,TSG,cancermine
PRDX6,TSG,cancermine
PRKAA2,TSG,cancermine
PRKAR2B,ONC,cancermine
PRKCD,ONC,cancermine
PRKG1,TSG,cancermine
PROCR,TSG,cancermine
PRPF31,TSG,cancermine
PRPF40A,ONC,cancermine
PRPSAP2,ONC,cancermine
PRR14,ONC,cancermine
PRR5,TSG,cancermine
PRRX1,TSG,cancermine
PRSS21,TSG,cancermine
PSD,TSG,cancermine
PSIP1,ONC,cancermine
PSMB9,ONC,cancermine
PSMC2,ONC,cancermine
PSMD14,ONC,cancermine
PSME3,ONC,cancermine
PTBP2,ONC,cancermine
PTBP3,ONC,cancermine
PTCHD3,TSG,cancermine
PTER,TSG,cancermine
PTGR1,ONC,cancermine
PTH,ONC,cancermine
PTMA,TSG,cancermine
PTMS,TSG,cancermine
PTP4A1,ONC,cancermine
PTPN23,TSG,cancermine
PTPN5,TSG,cancermine
PTPRH,ONC,cancermine
PTPRS,TSG,cancermine
PTS,TSG,cancermine
PTX3,TSG,cancermine
PUF60,ONC,cancermine
PVR,ONC,cancermine
PYROXD1,ONC,cancermine
PYROXD2,TSG,cancermine
QPCT,ONC,cancermine
QSOX1,TSG,cancermine
RAB17,TSG,cancermine
RAB21,ONC,cancermine
RAB26,ONC,cancermine
RAB27A,ONC,cancermine
RAB31,ONC,cancermine
RAB5A,ONC,cancermine
RAB6B,ONC,cancermine
RAB7A,ONC,cancermine
RAB8A,TSG,cancermine
RAD21,ONC,cancermine
RAD23B,ONC,cancermine
RAD50,TSG,cancermine
RAD51C,TSG,cancermine
RAI14,ONC,cancermine
RALBP1,ONC,cancermine
RALGDS,ONC,cancermine
RANBP2,TSG,cancermine
RANBP6,TSG,cancermine
RANBP9,TSG,cancermine
RAPH1,ONC,cancermine
RASA2,TSG,cancermine
RASA3,TSG,cancermine
RASD1,ONC,cancermine
RASEF,TSG,cancermine
RBBP5,ONC,cancermine
RBBP7,TSG,cancermine
RBFOX3,ONC,cancermine
RBM14,TSG,cancermine
RBM15,ONC,cancermine
RBMS2,TSG,cancermine
RCC2,ONC,cancermine
RCHY1,ONC,cancermine
RDX,TSG,cancermine
REC8,TSG,cancermine
RECQL4,TSG,cancermine
RETN,ONC,cancermine
RFC3,ONC,cancermine
RGS12,TSG,cancermine
RGS20,ONC,cancermine
RGS22,TSG,cancermine
RGS6,TSG,cancermine
RHBDF1,ONC,cancermine
RHEB,ONC,cancermine
RHOBTB1,TSG,cancermine
RHOF,TSG,cancermine
RHOG,ONC,cancermine
RHOT1,TSG,cancermine
RHOV,ONC,cancermine
RLF,ONC,cancermine
RNASEL,TSG,cancermine
RNASET2,TSG,cancermine
RNF126,TSG,cancermine
RNF130,TSG,cancermine
RNF139,TSG,cancermine
RNF144A,TSG,cancermine
RNF180,TSG,cancermine
RNF2,ONC,cancermine
ROR2,TSG,cancermine
RP1L1,ONC,cancermine
RPIA,ONC,cancermine
RPL13,ONC,cancermine
RPL34,ONC,cancermine
RPL36,TSG,cancermine
RPL37A,ONC,cancermine
RPL6,ONC,cancermine
RPL7A,ONC,cancermine
RPN2,ONC,cancermine
RPS14,TSG,cancermine
RPS15A,ONC,cancermine
RPS27,TSG,cancermine
RPS6KA1,TSG,cancermine
RPS6KA3,ONC,cancermine
RPS6KC1,ONC,cancermine
RPS9,ONC,cancermine
RRS1,ONC,cancermine
RSPO2,ONC,cancermine
RSRC2,TSG,cancermine
RTKN,ONC,cancermine
RTKN2,ONC,cancermine
RUFY3,ONC,cancermine
RYK,ONC,cancermine
RYR1,ONC,cancermine
RYR2,TSG,cancermine
S100A1,ONC,cancermine
S100A10,ONC,cancermine
S100A7,ONC,cancermine
S100A9,ONC,cancermine
S100G,ONC,cancermine
S100PBP,ONC,cancermine
SAFB,TSG,cancermine
SALL3,TSG,cancermine
SAMHD1,TSG,cancermine
SCAF1,ONC,cancermine
SCAMP1,ONC,cancermine
SCAMP3,ONC,cancermine
SCAND1,TSG,cancermine
SCN2A,TSG,cancermine
SCN5A,ONC,cancermine
SCPEP1,ONC,cancermine
SDC1,ONC,cancermine
SDHA,TSG,cancermine
SDHAF1,TSG,cancermine
SDHAF2,TSG,cancermine
SDHC,TSG,cancermine
SEC23A,TSG,cancermine
SEC31A,ONC,cancermine
SEC61G,ONC,cancermine
SEMA3D,TSG,cancermine
SEMA3E,ONC,cancermine
SERPINA3,ONC,cancermine
SERPINI2,TSG,cancermine
SERTAD1,ONC,cancermine
SERTAD2,ONC,cancermine
SETD1B,ONC,cancermine
SETD5,ONC,cancermine
SETDB2,ONC,cancermine
SETX,TSG,cancermine
SF1,ONC,cancermine
SF3B3,ONC,cancermine
SF3B4,ONC,cancermine
SGCA,ONC,cancermine
SGMS1,ONC,cancermine
SGPP1,TSG,cancermine
SH3BP2,TSG,cancermine
SHARPIN,ONC,cancermine
SHBG,ONC,cancermine
SHISA3,TSG,cancermine
SIAH2,TSG,cancermine
SIL1,ONC,cancermine
SIRPA,TSG,cancermine
SIVA1,ONC,cancermine
SIX3,TSG,cancermine
SKI,ONC,cancermine
SKIL,ONC,cancermine
SLC16A2,ONC,cancermine
SLC1A2,ONC,cancermine
SLC25A22,ONC,cancermine
SLC25A3,TSG,cancermine
SLC25A43,TSG,cancermine
SLC27A3,ONC,cancermine
SLC28A1,TSG,cancermine
SLC34A2,ONC,cancermine
SLC35A4,ONC,cancermine
SLC46A1,ONC,cancermine
SLC46A2,TSG,cancermine
SLC4A7,ONC,cancermine
SLC5A1,ONC,cancermine
SLC7A1,TSG,cancermine
SLC7A11,ONC,cancermine
SLC7A5,ONC,cancermine
SMAD1,TSG,cancermine
SMARCD2,TSG,cancermine
SMC1A,ONC,cancermine
SMC4,ONC,cancermine
SMCHD1,TSG,cancermine
SMOC2,TSG,cancermine
SMPD3,TSG,cancermine
SMPDL3A,TSG,cancermine
SNAP23,ONC,cancermine
SNAP47,ONC,cancermine
SNCA,ONC,cancermine
SNRPB,ONC,cancermine
SNRPD3,TSG,cancermine
SNRPE,ONC,cancermine
SNX1,TSG,cancermine
SNX5,ONC,cancermine
SOCS6,TSG,cancermine
SOCS7,ONC,cancermine
SOD3,TSG,cancermine
SORBS1,ONC,cancermine
SOX14,TSG,cancermine
SOX8,ONC,cancermine
SP2,TSG,cancermine
SPAG9,ONC,cancermine
SPANXA1,ONC,cancermine
SPATA18,TSG,cancermine
SPC24,ONC,cancermine
SPEN,TSG,cancermine
SPIC,ONC,cancermine
SPIN3,TSG,cancermine
SPINT1,TSG,cancermine
SPNS1,ONC,cancermine
SPRED2,TSG,cancermine
SPRR3,TSG,cancermine
SPRYD7,TSG,cancermine
SPSB1,ONC,cancermine
SRM,ONC,cancermine
SRPK1,ONC,cancermine
SRPK2,ONC,cancermine
SRPX,TSG,cancermine
SRPX2,ONC,cancermine
SRSF7,ONC,cancermine
SRXN1,ONC,cancermine
SSTR1,TSG,cancermine
SSX1,ONC,cancermine
SSX2IP,ONC,cancermine
STIL,ONC,cancermine
STK17A,ONC,cancermine
STK35,ONC,cancermine
STK38,ONC,cancermine
STK38L,TSG,cancermine
STK40,ONC,cancermine
STOM,ONC,cancermine
STRA6,ONC,cancermine
STRA8,ONC,cancermine
STX11,TSG,cancermine
STX3,ONC,cancermine
SUB1,ONC,cancermine
SULT1E1,ONC,cancermine
SUMO1,ONC,cancermine
SYNCRIP,ONC,cancermine
SYP,ONC,cancermine
SYT13,TSG,cancermine
TAC1,TSG,cancermine
TAF12,ONC,cancermine
TAF15,ONC,cancermine
TAF1L,ONC,cancermine
TAF4B,TSG,cancermine
TAGLN,TSG,cancermine
TAX1BP3,ONC,cancermine
TBC1D12,ONC,cancermine
TBC1D3B,ONC,cancermine
TBX19,ONC,cancermine
TBX4,TSG,cancermine
TCF19,TSG,cancermine
TCF7,TSG,cancermine
TCN1,ONC,cancermine
TCOF1,TSG,cancermine
TDG,TSG,cancermine
TET3,TSG,cancermine
TFAP2E,TSG,cancermine
TFIP11,ONC,cancermine
TGFA,ONC,cancermine
TGFB1I1,ONC,cancermine
TGIF2LX,TSG,cancermine
TGM3,TSG,cancermine
THOC1,ONC,cancermine
THRB,TSG,cancermine
TIAF1,TSG,cancermine
TIMM17A,ONC,cancermine
TIMP1,ONC,cancermine
TIMP2,TSG,cancermine
TJP2,ONC,cancermine
TLK2,ONC,cancermine
TLL2,ONC,cancermine
TM9SF4,ONC,cancermine
TMBIM6,ONC,cancermine
TMEM100,TSG,cancermine
TMEM115,TSG,cancermine
TMEM119,ONC,cancermine
TMEM134,ONC,cancermine
TMEM14A,ONC,cancermine
TMEM196,TSG,cancermine
TMEM88,TSG,cancermine
TMIGD1,TSG,cancermine
TMPRSS11D,ONC,cancermine
TMSB10,ONC,cancermine
TMSB4Y,TSG,cancermine
TNFRSF10D,ONC,cancermine
TNFRSF18,TSG,cancermine
TNFRSF1B,ONC,cancermine
TNFRSF21,ONC,cancermine
TNFRSF6B,ONC,cancermine
TNFSF12,TSG,cancermine
TNKS,ONC,cancermine
TONSL,ONC,cancermine
TOP1,ONC,cancermine
TOPORS,TSG,cancermine
TP53AIP1,TSG,cancermine
TPM2,TSG,cancermine
TPM3,ONC,cancermine
TPM4,TSG,cancermine
TPTE,TSG,cancermine
TRA2B,ONC,cancermine
TRAF2,ONC,cancermine
TRIM2,TSG,cancermine
TRIM32,ONC,cancermine
TRIM36,ONC,cancermine
TRIM37,ONC,cancermine
TRIM45,TSG,cancermine
TRIM47,ONC,cancermine
TRIM50,TSG,cancermine
TRIM52,ONC,cancermine
TRIM66,ONC,cancermine
TRIM67,TSG,cancermine
TRIM7,ONC,cancermine
TRIP6,ONC,cancermine
TRIT1,TSG,cancermine
TRMT12,ONC,cancermine
TROAP,ONC,cancermine
TRPV4,ONC,cancermine
TRPV6,ONC,cancermine
TRRAP,ONC,cancermine
TSC22D1,TSG,cancermine
TSC22D3,ONC,cancermine
TSGA10,ONC,cancermine
TSHR,ONC,cancermine
TSHZ2,TSG,cancermine
TSPAN13,TSG,cancermine
TSPAN18,TSG,cancermine
TSPAN4,ONC,cancermine
TSPAN7,TSG,cancermine
TSTA3,ONC,cancermine
TTC12,TSG,cancermine
TTC36,TSG,cancermine
TTC4,TSG,cancermine
TTR,TSG,cancermine
TUT1,TSG,cancermine
TXNDC5,ONC,cancermine
TXNDC9,ONC,cancermine
UBA7,TSG,cancermine
UBB,ONC,cancermine
UBE2I,TSG,cancermine
UBE2K,ONC,cancermine
UBQLN1,TSG,cancermine
UBQLN4,TSG,cancermine
UBTF,ONC,cancermine
UFM1,TSG,cancermine
UNC93A,TSG,cancermine
UPP1,ONC,cancermine
URGCP,ONC,cancermine
USE1,ONC,cancermine
USH2A,TSG,cancermine
USP1,ONC,cancermine
USP33,TSG,cancermine
USP36,ONC,cancermine
USP44,TSG,cancermine
USP46,TSG,cancermine
USP49,TSG,cancermine
USP8,ONC,cancermine
UVRAG,TSG,cancermine
UXT,ONC,cancermine
VANGL2,TSG,cancermine
VAPA,ONC,cancermine
VASH1,TSG,cancermine
VAV2,ONC,cancermine
VCX,ONC,cancermine
VEGFB,ONC,cancermine
VEZT,TSG,cancermine
VGLL3,TSG,cancermine
VIP,ONC,cancermine
VIPR2,ONC,cancermine
VLDLR,TSG,cancermine
VPS37A,TSG,cancermine
VPS52,TSG,cancermine
VTN,ONC,cancermine
VWA2,ONC,cancermine
VWCE,ONC,cancermine
VWF,ONC,cancermine
WAS,TSG,cancermine
WDR1,ONC,cancermine
WDR12,ONC,cancermine
WDR66,ONC,cancermine
WDR76,TSG,cancermine
WFDC1,TSG,cancermine
WLS,ONC,cancermine
WNT11,TSG,cancermine
WNT4,TSG,cancermine
WNT5B,TSG,cancermine
WTIP,TSG,cancermine
XPO5,ONC,cancermine
XRCC6,TSG,cancermine
XRN1,TSG,cancermine
YME1L1,TSG,cancermine
YOD1,ONC,cancermine
YTHDC1,TSG,cancermine
ZAP70,ONC,cancermine
ZAR1,TSG,cancermine
ZBTB17,ONC,cancermine
ZBTB4,TSG,cancermine
ZBTB7B,ONC,cancermine
ZC3H12A,TSG,cancermine
ZC3H12D,TSG,cancermine
ZCCHC10,TSG,cancermine
ZCCHC12,ONC,cancermine
ZCCHC13,ONC,cancermine
ZDHHC3,TSG,cancermine
ZFAND4,ONC,cancermine
ZFP57,TSG,cancermine
ZHX1,ONC,cancermine
ZIM2,TSG,cancermine
ZNF121,ONC,cancermine
ZNF132,TSG,cancermine
ZNF148,ONC,cancermine
ZNF185,TSG,cancermine
ZNF208,TSG,cancermine
ZNF224,ONC,cancermine
ZNF267,ONC,cancermine
ZNF276,TSG,cancermine
ZNF280A,TSG,cancermine
ZNF326,ONC,cancermine
ZNF331,TSG,cancermine
ZNF384,ONC,cancermine
ZNF395,TSG,cancermine
ZNF471,TSG,cancermine
ZNF488,ONC,cancermine
ZNF516,TSG,cancermine
ZNF521,ONC,cancermine
ZNF569,TSG,cancermine
ZNF582,TSG,cancermine
ZNF677,TSG,cancermine
ZNF70,TSG,cancermine
ZNFX1,TSG,cancermine
ZSCAN18,TSG,cancermine
ZSWIM5,TSG,cancermine
ARHGAP35,TSG,cellpaper
ASXL1,TSG,cellpaper
ATM,TSG,cellpaper
BCOR,TSG,cellpaper
CDH1,TSG,cellpaper
CDKN1A,TSG,cellpaper
CHD8,TSG,cellpaper
CREBBP,TSG,cellpaper
CTNND1,TSG,cellpaper
DDX3X,TSG,cellpaper
DNMT3A,TSG,cellpaper
EEF2,TSG,cellpaper
EP300,TSG,cellpaper
FAT1,TSG,cellpaper
GPS2,TSG,cellpaper
HLA-A,TSG,cellpaper
JAK1,TSG,cellpaper
KANSL1,TSG,cellpaper
KIF1A,TSG,cellpaper
KMT2A,TSG,cellpaper
KMT2B,TSG,cellpaper
KMT2C,TSG,cellpaper
KMT2D,TSG,cellpaper
MAP2K4,TSG,cellpaper
MAP3K1,TSG,cellpaper
MEN1,TSG,cellpaper
MSH6,TSG,cellpaper
NIPBL,TSG,cellpaper
NOTCH1,TSG,cellpaper
PIK3R1,TSG,cellpaper
PRKAR1A,TSG,cellpaper
PTCH1,TSG,cellpaper
RASA1,TSG,cellpaper
RBM10,TSG,cellpaper
RNF43,TSG,cellpaper
RPL5,TSG,cellpaper
RUNX1,TSG,cellpaper
SCAF4,TSG,cellpaper
SIN3A,TSG,cellpaper
SOX9,TSG,cellpaper
SPTAN1,TSG,cellpaper
TCF12,TSG,cellpaper
THRAP3,TSG,cellpaper
TNFAIP3,TSG,cellpaper
TSC1,TSG,cellpaper
TSC2,TSG,cellpaper
ZMYM2,TSG,cellpaper
ZMYM3,TSG,cellpaper
