id,dex,barcode
tcga_analysis/reindex/TCGA-06-0675-11A-32R-A36H-07.bam,normal,tcga-06-0675
tcga_analysis/reindex/TCGA-06-0678-11A-32R-A36H-07.bam,normal,tcga-06-0678
tcga_analysis/reindex/TCGA-06-0680-11A-32R-A36H-07.bam,normal,tcga-06-0680
tcga_analysis/reindex/TCGA-06-0681-11A-41R-A36H-07.bam,normal,tcga-06-0681
tcga_analysis/reindex/TCGA-06-AABW-11A-31R-A36H-07.bam,normal,tcga-06-aabw
tcga_analysis/reindex/TCGA-CS-4941-01A-01R-1470-07.bam,tumor,tcga-cs-4941
tcga_analysis/reindex/TCGA-CS-4942-01A-01R-1470-07.bam,tumor,tcga-cs-4942
tcga_analysis/reindex/TCGA-CS-4943-01A-01R-1470-07.bam,tumor,tcga-cs-4943
tcga_analysis/reindex/TCGA-CS-5390-01A-02R-1470-07.bam,tumor,tcga-cs-5390
tcga_analysis/reindex/TCGA-CS-5393-01A-01R-1470-07.bam,tumor,tcga-cs-5393
tcga_analysis/reindex/TCGA-CS-5394-01A-01R-1470-07.bam,tumor,tcga-cs-5394
tcga_analysis/reindex/TCGA-CS-5395-01A-01R-1470-07.bam,tumor,tcga-cs-5395
tcga_analysis/reindex/TCGA-CS-5396-01A-02R-1470-07.bam,tumor,tcga-cs-5396
tcga_analysis/reindex/TCGA-CS-5397-01A-01R-1896-07.bam,tumor,tcga-cs-5397
tcga_analysis/reindex/TCGA-CS-6186-01A-12R-2027-07.bam,tumor,tcga-cs-6186
tcga_analysis/reindex/TCGA-CS-6188-01A-11R-1896-07.bam,tumor,tcga-cs-6188
tcga_analysis/reindex/TCGA-CS-6290-01A-11R-1708-07.bam,tumor,tcga-cs-6290
tcga_analysis/reindex/TCGA-CS-6666-01A-11R-1896-07.bam,tumor,tcga-cs-6666
tcga_analysis/reindex/TCGA-CS-6667-01A-12R-2027-07.bam,tumor,tcga-cs-6667
tcga_analysis/reindex/TCGA-CS-6668-01A-11R-1896-07.bam,tumor,tcga-cs-6668
tcga_analysis/reindex/TCGA-CS-6669-01A-11R-1896-07.bam,tumor,tcga-cs-6669
tcga_analysis/reindex/TCGA-CS-6670-01A-11R-1896-07.bam,tumor,tcga-cs-6670
tcga_analysis/reindex/TCGA-DB-5270-01A-02R-1470-07.bam,tumor,tcga-db-5270
tcga_analysis/reindex/TCGA-DB-5273-01A-01R-1470-07.bam,tumor,tcga-db-5273
tcga_analysis/reindex/TCGA-DB-5274-01A-01R-1470-07.bam,tumor,tcga-db-5274
tcga_analysis/reindex/TCGA-DB-5275-01A-01R-1470-07.bam,tumor,tcga-db-5275
tcga_analysis/reindex/TCGA-DB-5277-01A-01R-1470-07.bam,tumor,tcga-db-5277
tcga_analysis/reindex/TCGA-DB-5278-01A-01R-1470-07.bam,tumor,tcga-db-5278
tcga_analysis/reindex/TCGA-DB-5279-01A-03R-2347-07.bam,tumor,tcga-db-5279
tcga_analysis/reindex/TCGA-DB-5280-01A-01R-1470-07.bam,tumor,tcga-db-5280
tcga_analysis/reindex/TCGA-DB-5281-01A-01R-1470-07.bam,tumor,tcga-db-5281
tcga_analysis/reindex/TCGA-DB-A4X9-01A-11R-A26U-07.bam,tumor,tcga-db-a4x9
tcga_analysis/reindex/TCGA-DB-A4XA-01A-11R-A26U-07.bam,tumor,tcga-db-a4xa
tcga_analysis/reindex/TCGA-DB-A4XB-01A-11R-A26U-07.bam,tumor,tcga-db-a4xb
tcga_analysis/reindex/TCGA-DB-A4XC-01A-11R-A26U-07.bam,tumor,tcga-db-a4xc
tcga_analysis/reindex/TCGA-DB-A4XD-01A-11R-A27Q-07.bam,tumor,tcga-db-a4xd
tcga_analysis/reindex/TCGA-DB-A4XE-01A-11R-A27Q-07.bam,tumor,tcga-db-a4xe
tcga_analysis/reindex/TCGA-DB-A4XF-01A-11R-A27Q-07.bam,tumor,tcga-db-a4xf
tcga_analysis/reindex/TCGA-DB-A4XG-01A-11R-A27Q-07.bam,tumor,tcga-db-a4xg
tcga_analysis/reindex/TCGA-DB-A4XH-01A-11R-A27Q-07.bam,tumor,tcga-db-a4xh
tcga_analysis/reindex/TCGA-DB-A64L-01A-11R-A29R-07.bam,tumor,tcga-db-a64l
tcga_analysis/reindex/TCGA-DB-A64O-01A-11R-A29R-07.bam,tumor,tcga-db-a64o
tcga_analysis/reindex/TCGA-DB-A64P-01A-11R-A29R-07.bam,tumor,tcga-db-a64p
tcga_analysis/reindex/TCGA-DB-A64Q-01A-11R-A29R-07.bam,tumor,tcga-db-a64q
tcga_analysis/reindex/TCGA-DB-A64R-01A-11R-A29R-07.bam,tumor,tcga-db-a64r
tcga_analysis/reindex/TCGA-DB-A64S-01A-11R-A29R-07.bam,tumor,tcga-db-a64s
tcga_analysis/reindex/TCGA-DB-A64U-01A-11R-A29R-07.bam,tumor,tcga-db-a64u
tcga_analysis/reindex/TCGA-DB-A64V-01A-11R-A29R-07.bam,tumor,tcga-db-a64v
tcga_analysis/reindex/TCGA-DB-A64W-01A-11R-A29R-07.bam,tumor,tcga-db-a64w
tcga_analysis/reindex/TCGA-DB-A64X-01A-11R-A29R-07.bam,tumor,tcga-db-a64x
tcga_analysis/reindex/TCGA-DB-A75K-01A-11R-A32Q-07.bam,tumor,tcga-db-a75k
tcga_analysis/reindex/TCGA-DB-A75L-01A-11R-A32Q-07.bam,tumor,tcga-db-a75l
tcga_analysis/reindex/TCGA-DB-A75M-01A-11R-A32Q-07.bam,tumor,tcga-db-a75m
tcga_analysis/reindex/TCGA-DB-A75O-01A-11R-A32Q-07.bam,tumor,tcga-db-a75o
tcga_analysis/reindex/TCGA-DB-A75P-01A-11R-A32Q-07.bam,tumor,tcga-db-a75p
tcga_analysis/reindex/TCGA-DH-5140-01A-01R-1470-07.bam,tumor,tcga-dh-5140
tcga_analysis/reindex/TCGA-DH-5141-01A-01R-1470-07.bam,tumor,tcga-dh-5141
tcga_analysis/reindex/TCGA-DH-5142-01A-01R-1470-07.bam,tumor,tcga-dh-5142
tcga_analysis/reindex/TCGA-DH-5143-01A-01R-1470-07.bam,tumor,tcga-dh-5143
tcga_analysis/reindex/TCGA-DH-5144-01A-01R-1470-07.bam,tumor,tcga-dh-5144
tcga_analysis/reindex/TCGA-DH-A669-02A-11R-A31N-07.bam,tumor,tcga-dh-a669
tcga_analysis/reindex/TCGA-DH-A66D-01A-11R-A31N-07.bam,tumor,tcga-dh-a66d
tcga_analysis/reindex/TCGA-DH-A66F-01A-11R-A29R-07.bam,tumor,tcga-dh-a66f
tcga_analysis/reindex/TCGA-DH-A66G-01A-21R-A31N-07.bam,tumor,tcga-dh-a66g
tcga_analysis/reindex/TCGA-DH-A7UR-01A-11R-A33Z-07.bam,tumor,tcga-dh-a7ur
tcga_analysis/reindex/TCGA-DH-A7US-01A-11R-A33Z-07.bam,tumor,tcga-dh-a7us
tcga_analysis/reindex/TCGA-DH-A7UT-01A-12R-A34F-07.bam,tumor,tcga-dh-a7ut
tcga_analysis/reindex/TCGA-DH-A7UU-01A-12R-A34F-07.bam,tumor,tcga-dh-a7uu
tcga_analysis/reindex/TCGA-DH-A7UV-01A-12R-A34F-07.bam,tumor,tcga-dh-a7uv
tcga_analysis/reindex/TCGA-DU-5847-01A-11R-1708-07.bam,tumor,tcga-du-5847
tcga_analysis/reindex/TCGA-DU-5849-01A-11R-1708-07.bam,tumor,tcga-du-5849
tcga_analysis/reindex/TCGA-DU-5852-01A-11R-1708-07.bam,tumor,tcga-du-5852
tcga_analysis/reindex/TCGA-DU-5853-01A-11R-1896-07.bam,tumor,tcga-du-5853
tcga_analysis/reindex/TCGA-DU-5854-01A-11R-1708-07.bam,tumor,tcga-du-5854
tcga_analysis/reindex/TCGA-DU-5855-01A-11R-1708-07.bam,tumor,tcga-du-5855
tcga_analysis/reindex/TCGA-DU-5870-01A-11R-1708-07.bam,tumor,tcga-du-5870
tcga_analysis/reindex/TCGA-DU-5870-02A-12R-A36H-07.bam,tumor,tcga-du-5870
tcga_analysis/reindex/TCGA-DU-5871-01A-12R-1708-07.bam,tumor,tcga-du-5871
tcga_analysis/reindex/TCGA-DU-5872-01A-11R-1708-07.bam,tumor,tcga-du-5872
tcga_analysis/reindex/TCGA-DU-5872-02A-21R-A36H-07.bam,tumor,tcga-du-5872
tcga_analysis/reindex/TCGA-DU-5874-01A-11R-1708-07.bam,tumor,tcga-du-5874
tcga_analysis/reindex/TCGA-DU-6392-01A-11R-1708-07.bam,tumor,tcga-du-6392
tcga_analysis/reindex/TCGA-DU-6393-01A-11R-1708-07.bam,tumor,tcga-du-6393
tcga_analysis/reindex/TCGA-DU-6394-01A-11R-1708-07.bam,tumor,tcga-du-6394
tcga_analysis/reindex/TCGA-DU-6395-01A-13R-1708-07.bam,tumor,tcga-du-6395
tcga_analysis/reindex/TCGA-DU-6396-01A-11R-1708-07.bam,tumor,tcga-du-6396
tcga_analysis/reindex/TCGA-DU-6397-01A-11R-1708-07.bam,tumor,tcga-du-6397
tcga_analysis/reindex/TCGA-DU-6397-02A-12R-A36H-07.bam,tumor,tcga-du-6397
tcga_analysis/reindex/TCGA-DU-6399-01A-12R-1708-07.bam,tumor,tcga-du-6399
tcga_analysis/reindex/TCGA-DU-6400-01A-12R-1708-07.bam,tumor,tcga-du-6400
tcga_analysis/reindex/TCGA-DU-6401-01A-11R-1708-07.bam,tumor,tcga-du-6401
tcga_analysis/reindex/TCGA-DU-6402-01A-11R-1708-07.bam,tumor,tcga-du-6402
tcga_analysis/reindex/TCGA-DU-6403-01A-11R-1708-07.bam,tumor,tcga-du-6403
tcga_analysis/reindex/TCGA-DU-6404-01A-11R-1708-07.bam,tumor,tcga-du-6404
tcga_analysis/reindex/TCGA-DU-6404-02A-21R-A36H-07.bam,tumor,tcga-du-6404
tcga_analysis/reindex/TCGA-DU-6404-02B-11R-A36H-07.bam,tumor,tcga-du-6404
tcga_analysis/reindex/TCGA-DU-6406-01A-11R-1708-07.bam,tumor,tcga-du-6406
tcga_analysis/reindex/TCGA-DU-6407-01A-13R-1708-07.bam,tumor,tcga-du-6407
tcga_analysis/reindex/TCGA-DU-6407-02A-12R-A36H-07.bam,tumor,tcga-du-6407
tcga_analysis/reindex/TCGA-DU-6407-02B-11R-A36H-07.bam,tumor,tcga-du-6407
tcga_analysis/reindex/TCGA-DU-6408-01A-11R-1708-07.bam,tumor,tcga-du-6408
tcga_analysis/reindex/TCGA-DU-6410-01A-11R-1896-07.bam,tumor,tcga-du-6410
tcga_analysis/reindex/TCGA-DU-6542-01A-11R-1896-07.bam,tumor,tcga-du-6542
tcga_analysis/reindex/TCGA-DU-7006-01A-11R-2027-07.bam,tumor,tcga-du-7006
tcga_analysis/reindex/TCGA-DU-7007-01A-11R-2027-07.bam,tumor,tcga-du-7007
tcga_analysis/reindex/TCGA-DU-7009-01A-11R-2027-07.bam,tumor,tcga-du-7009
tcga_analysis/reindex/TCGA-DU-7010-01A-11R-2027-07.bam,tumor,tcga-du-7010
tcga_analysis/reindex/TCGA-DU-7011-01A-11R-2027-07.bam,tumor,tcga-du-7011
tcga_analysis/reindex/TCGA-DU-7012-01A-11R-2027-07.bam,tumor,tcga-du-7012
tcga_analysis/reindex/TCGA-DU-7013-01A-11R-2027-07.bam,tumor,tcga-du-7013
tcga_analysis/reindex/TCGA-DU-7014-01A-11R-2027-07.bam,tumor,tcga-du-7014
tcga_analysis/reindex/TCGA-DU-7015-01A-11R-2027-07.bam,tumor,tcga-du-7015
tcga_analysis/reindex/TCGA-DU-7018-01A-11R-2027-07.bam,tumor,tcga-du-7018
tcga_analysis/reindex/TCGA-DU-7019-01A-11R-2027-07.bam,tumor,tcga-du-7019
tcga_analysis/reindex/TCGA-DU-7290-01A-11R-2027-07.bam,tumor,tcga-du-7290
tcga_analysis/reindex/TCGA-DU-7292-01A-11R-2027-07.bam,tumor,tcga-du-7292
tcga_analysis/reindex/TCGA-DU-7294-01A-11R-2027-07.bam,tumor,tcga-du-7294
tcga_analysis/reindex/TCGA-DU-7298-01A-11R-2027-07.bam,tumor,tcga-du-7298
tcga_analysis/reindex/TCGA-DU-7299-01A-21R-2027-07.bam,tumor,tcga-du-7299
tcga_analysis/reindex/TCGA-DU-7300-01A-21R-2090-07.bam,tumor,tcga-du-7300
tcga_analysis/reindex/TCGA-DU-7301-01A-11R-2090-07.bam,tumor,tcga-du-7301
tcga_analysis/reindex/TCGA-DU-7302-01A-11R-2090-07.bam,tumor,tcga-du-7302
tcga_analysis/reindex/TCGA-DU-7304-01A-12R-2090-07.bam,tumor,tcga-du-7304
tcga_analysis/reindex/TCGA-DU-7304-02A-12R-A36H-07.bam,tumor,tcga-du-7304
tcga_analysis/reindex/TCGA-DU-7306-01A-11R-2090-07.bam,tumor,tcga-du-7306
tcga_analysis/reindex/TCGA-DU-7309-01A-11R-2090-07.bam,tumor,tcga-du-7309
tcga_analysis/reindex/TCGA-DU-8158-01A-11R-2256-07.bam,tumor,tcga-du-8158
tcga_analysis/reindex/TCGA-DU-8161-01A-11R-2256-07.bam,tumor,tcga-du-8161
tcga_analysis/reindex/TCGA-DU-8162-01A-21R-2256-07.bam,tumor,tcga-du-8162
tcga_analysis/reindex/TCGA-DU-8163-01A-11R-2256-07.bam,tumor,tcga-du-8163
tcga_analysis/reindex/TCGA-DU-8164-01A-11R-2256-07.bam,tumor,tcga-du-8164
tcga_analysis/reindex/TCGA-DU-8165-01A-11R-2256-07.bam,tumor,tcga-du-8165
tcga_analysis/reindex/TCGA-DU-8166-01A-11R-2256-07.bam,tumor,tcga-du-8166
tcga_analysis/reindex/TCGA-DU-8167-01A-11R-2256-07.bam,tumor,tcga-du-8167
tcga_analysis/reindex/TCGA-DU-8168-01A-11R-2256-07.bam,tumor,tcga-du-8168
tcga_analysis/reindex/TCGA-DU-A5TP-01A-11R-A28M-07.bam,tumor,tcga-du-a5tp
tcga_analysis/reindex/TCGA-DU-A5TR-01A-11R-A28M-07.bam,tumor,tcga-du-a5tr
tcga_analysis/reindex/TCGA-DU-A5TS-01A-11R-A28M-07.bam,tumor,tcga-du-a5ts
tcga_analysis/reindex/TCGA-DU-A5TT-01A-11R-A28M-07.bam,tumor,tcga-du-a5tt
tcga_analysis/reindex/TCGA-DU-A5TU-01A-11R-A28M-07.bam,tumor,tcga-du-a5tu
tcga_analysis/reindex/TCGA-DU-A5TW-01A-11R-A28M-07.bam,tumor,tcga-du-a5tw
tcga_analysis/reindex/TCGA-DU-A5TY-01A-11R-A28M-07.bam,tumor,tcga-du-a5ty
tcga_analysis/reindex/TCGA-DU-A6S2-01A-21R-A32Q-07.bam,tumor,tcga-du-a6s2
tcga_analysis/reindex/TCGA-DU-A6S6-01A-21R-A32Q-07.bam,tumor,tcga-du-a6s6
tcga_analysis/reindex/TCGA-DU-A6S7-01A-21R-A32Q-07.bam,tumor,tcga-du-a6s7
tcga_analysis/reindex/TCGA-DU-A6S8-01A-12R-A32Q-07.bam,tumor,tcga-du-a6s8
tcga_analysis/reindex/TCGA-DU-A76K-01A-11R-A33Z-07.bam,tumor,tcga-du-a76k
tcga_analysis/reindex/TCGA-DU-A76L-01A-11R-A32Q-07.bam,tumor,tcga-du-a76l
tcga_analysis/reindex/TCGA-DU-A76O-01A-11R-A32Q-07.bam,tumor,tcga-du-a76o
tcga_analysis/reindex/TCGA-DU-A76R-01A-11R-A32Q-07.bam,tumor,tcga-du-a76r
tcga_analysis/reindex/TCGA-DU-A7T6-01A-11R-A33Z-07.bam,tumor,tcga-du-a7t6
tcga_analysis/reindex/TCGA-DU-A7T8-01A-21R-A34R-07.bam,tumor,tcga-du-a7t8
tcga_analysis/reindex/TCGA-DU-A7TA-01A-11R-A33Z-07.bam,tumor,tcga-du-a7ta
tcga_analysis/reindex/TCGA-DU-A7TB-01A-11R-A33Z-07.bam,tumor,tcga-du-a7tb
tcga_analysis/reindex/TCGA-DU-A7TC-01A-21R-A34R-07.bam,tumor,tcga-du-a7tc
tcga_analysis/reindex/TCGA-DU-A7TD-01A-12R-A34F-07.bam,tumor,tcga-du-a7td
tcga_analysis/reindex/TCGA-DU-A7TG-01A-21R-A34R-07.bam,tumor,tcga-du-a7tg
tcga_analysis/reindex/TCGA-DU-A7TI-01A-11R-A33Z-07.bam,tumor,tcga-du-a7ti
tcga_analysis/reindex/TCGA-DU-A7TJ-01A-11R-A34R-07.bam,tumor,tcga-du-a7tj
tcga_analysis/reindex/TCGA-E1-5302-01A-01R-1470-07.bam,tumor,tcga-e1-5302
tcga_analysis/reindex/TCGA-E1-5303-01A-01R-1470-07.bam,tumor,tcga-e1-5303
tcga_analysis/reindex/TCGA-E1-5304-01A-01R-1470-07.bam,tumor,tcga-e1-5304
tcga_analysis/reindex/TCGA-E1-5305-01A-01R-1896-07.bam,tumor,tcga-e1-5305
tcga_analysis/reindex/TCGA-E1-5307-01A-01R-1896-07.bam,tumor,tcga-e1-5307
tcga_analysis/reindex/TCGA-E1-5311-01A-01R-1470-07.bam,tumor,tcga-e1-5311
tcga_analysis/reindex/TCGA-E1-5318-01A-01R-1470-07.bam,tumor,tcga-e1-5318
tcga_analysis/reindex/TCGA-E1-5319-01A-01R-1896-07.bam,tumor,tcga-e1-5319
tcga_analysis/reindex/TCGA-E1-5322-01A-01R-1470-07.bam,tumor,tcga-e1-5322
tcga_analysis/reindex/TCGA-E1-A7YD-01A-11R-A34F-07.bam,tumor,tcga-e1-a7yd
tcga_analysis/reindex/TCGA-E1-A7YE-01A-11R-A34F-07.bam,tumor,tcga-e1-a7ye
tcga_analysis/reindex/TCGA-E1-A7YH-01A-11R-A34F-07.bam,tumor,tcga-e1-a7yh
tcga_analysis/reindex/TCGA-E1-A7YI-01A-11R-A34F-07.bam,tumor,tcga-e1-a7yi
tcga_analysis/reindex/TCGA-E1-A7YJ-01A-11R-A34F-07.bam,tumor,tcga-e1-a7yj
tcga_analysis/reindex/TCGA-E1-A7YL-01A-11R-A34F-07.bam,tumor,tcga-e1-a7yl
tcga_analysis/reindex/TCGA-E1-A7YM-01A-11R-A34F-07.bam,tumor,tcga-e1-a7ym
tcga_analysis/reindex/TCGA-E1-A7YN-01A-11R-A34F-07.bam,tumor,tcga-e1-a7yn
tcga_analysis/reindex/TCGA-E1-A7YO-01A-11R-A34F-07.bam,tumor,tcga-e1-a7yo
tcga_analysis/reindex/TCGA-E1-A7YQ-01A-11R-A34R-07.bam,tumor,tcga-e1-a7yq
tcga_analysis/reindex/TCGA-E1-A7YS-01A-11R-A34F-07.bam,tumor,tcga-e1-a7ys
tcga_analysis/reindex/TCGA-E1-A7YU-01A-11R-A34R-07.bam,tumor,tcga-e1-a7yu
tcga_analysis/reindex/TCGA-E1-A7YV-01A-11R-A34R-07.bam,tumor,tcga-e1-a7yv
tcga_analysis/reindex/TCGA-E1-A7YW-01A-11R-A34R-07.bam,tumor,tcga-e1-a7yw
tcga_analysis/reindex/TCGA-E1-A7YY-01A-11R-A34R-07.bam,tumor,tcga-e1-a7yy
tcga_analysis/reindex/TCGA-E1-A7Z2-01A-21R-A34R-07.bam,tumor,tcga-e1-a7z2
tcga_analysis/reindex/TCGA-E1-A7Z3-01A-11R-A34R-07.bam,tumor,tcga-e1-a7z3
tcga_analysis/reindex/TCGA-E1-A7Z4-01A-11R-A34R-07.bam,tumor,tcga-e1-a7z4
tcga_analysis/reindex/TCGA-EZ-7264-01A-11R-2027-07.bam,tumor,tcga-ez-7264
tcga_analysis/reindex/TCGA-F6-A8O4-01A-11R-A36H-07.bam,tumor,tcga-f6-a8o4
tcga_analysis/reindex/TCGA-FG-5962-01B-11R-1896-07.bam,tumor,tcga-fg-5962
tcga_analysis/reindex/TCGA-FG-5963-01A-11R-1708-07.bam,tumor,tcga-fg-5963
tcga_analysis/reindex/TCGA-FG-5963-02A-12R-A29R-07.bam,tumor,tcga-fg-5963
tcga_analysis/reindex/TCGA-FG-5964-01A-11R-1708-07.bam,tumor,tcga-fg-5964
tcga_analysis/reindex/TCGA-FG-5965-01B-11R-1896-07.bam,tumor,tcga-fg-5965
tcga_analysis/reindex/TCGA-FG-5965-02A-11R-A29R-07.bam,tumor,tcga-fg-5965
tcga_analysis/reindex/TCGA-FG-5965-02B-11R-A29R-07.bam,tumor,tcga-fg-5965
tcga_analysis/reindex/TCGA-FG-6688-01A-11R-1896-07.bam,tumor,tcga-fg-6688
tcga_analysis/reindex/TCGA-FG-6689-01A-11R-1896-07.bam,tumor,tcga-fg-6689
tcga_analysis/reindex/TCGA-FG-6690-01A-11R-1896-07.bam,tumor,tcga-fg-6690
tcga_analysis/reindex/TCGA-FG-6691-01A-11R-1896-07.bam,tumor,tcga-fg-6691
tcga_analysis/reindex/TCGA-FG-6692-01A-11R-1896-07.bam,tumor,tcga-fg-6692
tcga_analysis/reindex/TCGA-FG-7634-01A-11R-2090-07.bam,tumor,tcga-fg-7634
tcga_analysis/reindex/TCGA-FG-7636-01A-11R-2090-07.bam,tumor,tcga-fg-7636
tcga_analysis/reindex/TCGA-FG-7637-01A-11R-2090-07.bam,tumor,tcga-fg-7637
tcga_analysis/reindex/TCGA-FG-7638-01B-12R-2090-07.bam,tumor,tcga-fg-7638
tcga_analysis/reindex/TCGA-FG-7641-01B-11R-2256-07.bam,tumor,tcga-fg-7641
tcga_analysis/reindex/TCGA-FG-7643-01A-11R-2090-07.bam,tumor,tcga-fg-7643
tcga_analysis/reindex/TCGA-FG-8181-01A-11R-2256-07.bam,tumor,tcga-fg-8181
tcga_analysis/reindex/TCGA-FG-8182-01A-11R-2256-07.bam,tumor,tcga-fg-8182
tcga_analysis/reindex/TCGA-FG-8185-01A-11R-2256-07.bam,tumor,tcga-fg-8185
tcga_analysis/reindex/TCGA-FG-8186-01A-11R-2256-07.bam,tumor,tcga-fg-8186
tcga_analysis/reindex/TCGA-FG-8187-01A-11R-2256-07.bam,tumor,tcga-fg-8187
tcga_analysis/reindex/TCGA-FG-8188-01A-11R-2256-07.bam,tumor,tcga-fg-8188
tcga_analysis/reindex/TCGA-FG-8189-01B-11R-A28M-07.bam,tumor,tcga-fg-8189
tcga_analysis/reindex/TCGA-FG-8191-01A-11R-2256-07.bam,tumor,tcga-fg-8191
tcga_analysis/reindex/TCGA-FG-A4MT-01A-11R-A26U-07.bam,tumor,tcga-fg-a4mt
tcga_analysis/reindex/TCGA-FG-A4MT-02A-11R-A29R-07.bam,tumor,tcga-fg-a4mt
tcga_analysis/reindex/TCGA-FG-A4MU-01B-11R-A28M-07.bam,tumor,tcga-fg-a4mu
tcga_analysis/reindex/TCGA-FG-A4MW-01A-11R-A26U-07.bam,tumor,tcga-fg-a4mw
tcga_analysis/reindex/TCGA-FG-A4MX-01A-11R-A26U-07.bam,tumor,tcga-fg-a4mx
tcga_analysis/reindex/TCGA-FG-A60J-01A-11R-A28M-07.bam,tumor,tcga-fg-a60j
tcga_analysis/reindex/TCGA-FG-A60K-01A-11R-A29R-07.bam,tumor,tcga-fg-a60k
tcga_analysis/reindex/TCGA-FG-A60L-01A-12R-A31N-07.bam,tumor,tcga-fg-a60l
tcga_analysis/reindex/TCGA-FG-A6IZ-01A-11R-A31N-07.bam,tumor,tcga-fg-a6iz
tcga_analysis/reindex/TCGA-FG-A6J1-01A-11R-A31N-07.bam,tumor,tcga-fg-a6j1
tcga_analysis/reindex/TCGA-FG-A6J3-01A-11R-A31N-07.bam,tumor,tcga-fg-a6j3
tcga_analysis/reindex/TCGA-FG-A70Y-01A-12R-A34R-07.bam,tumor,tcga-fg-a70y
tcga_analysis/reindex/TCGA-FG-A70Z-01A-12R-A33Z-07.bam,tumor,tcga-fg-a70z
tcga_analysis/reindex/TCGA-FG-A710-01A-12R-A33Z-07.bam,tumor,tcga-fg-a710
tcga_analysis/reindex/TCGA-FG-A711-01A-21R-A33Z-07.bam,tumor,tcga-fg-a711
tcga_analysis/reindex/TCGA-FG-A713-01A-11R-A32Q-07.bam,tumor,tcga-fg-a713
tcga_analysis/reindex/TCGA-FG-A87N-01A-11R-A36H-07.bam,tumor,tcga-fg-a87n
tcga_analysis/reindex/TCGA-FG-A87Q-01A-11R-A36H-07.bam,tumor,tcga-fg-a87q
tcga_analysis/reindex/TCGA-FN-7833-01A-11R-2090-07.bam,tumor,tcga-fn-7833
tcga_analysis/reindex/TCGA-HT-7467-01A-11R-2027-07.bam,tumor,tcga-ht-7467
tcga_analysis/reindex/TCGA-HT-7468-01A-11R-2027-07.bam,tumor,tcga-ht-7468
tcga_analysis/reindex/TCGA-HT-7469-01A-11R-2256-07.bam,tumor,tcga-ht-7469
tcga_analysis/reindex/TCGA-HT-7470-01A-12R-2090-07.bam,tumor,tcga-ht-7470
tcga_analysis/reindex/TCGA-HT-7471-01A-11R-2256-07.bam,tumor,tcga-ht-7471
tcga_analysis/reindex/TCGA-HT-7473-01A-11R-2027-07.bam,tumor,tcga-ht-7473
tcga_analysis/reindex/TCGA-HT-7474-01A-11R-2027-07.bam,tumor,tcga-ht-7474
tcga_analysis/reindex/TCGA-HT-7475-01A-11R-2027-07.bam,tumor,tcga-ht-7475
tcga_analysis/reindex/TCGA-HT-7476-01A-11R-2027-07.bam,tumor,tcga-ht-7476
tcga_analysis/reindex/TCGA-HT-7477-01B-11R-A28M-07.bam,tumor,tcga-ht-7477
tcga_analysis/reindex/TCGA-HT-7478-01A-11R-2027-07.bam,tumor,tcga-ht-7478
tcga_analysis/reindex/TCGA-HT-7479-01A-11R-2027-07.bam,tumor,tcga-ht-7479
tcga_analysis/reindex/TCGA-HT-7481-01A-11R-2027-07.bam,tumor,tcga-ht-7481
tcga_analysis/reindex/TCGA-HT-7482-01A-11R-2027-07.bam,tumor,tcga-ht-7482
tcga_analysis/reindex/TCGA-HT-7483-01A-11R-2027-07.bam,tumor,tcga-ht-7483
tcga_analysis/reindex/TCGA-HT-7485-01A-11R-2027-07.bam,tumor,tcga-ht-7485
tcga_analysis/reindex/TCGA-HT-7601-01A-11R-2090-07.bam,tumor,tcga-ht-7601
tcga_analysis/reindex/TCGA-HT-7602-01A-21R-2090-07.bam,tumor,tcga-ht-7602
tcga_analysis/reindex/TCGA-HT-7604-01A-11R-2090-07.bam,tumor,tcga-ht-7604
tcga_analysis/reindex/TCGA-HT-7605-01A-11R-2090-07.bam,tumor,tcga-ht-7605
tcga_analysis/reindex/TCGA-HT-7606-01A-11R-2090-07.bam,tumor,tcga-ht-7606
tcga_analysis/reindex/TCGA-HT-7607-01A-11R-2090-07.bam,tumor,tcga-ht-7607
tcga_analysis/reindex/TCGA-HT-7608-01A-11R-2090-07.bam,tumor,tcga-ht-7608
tcga_analysis/reindex/TCGA-HT-7609-01A-11R-2090-07.bam,tumor,tcga-ht-7609
tcga_analysis/reindex/TCGA-HT-7610-01A-21R-2090-07.bam,tumor,tcga-ht-7610
tcga_analysis/reindex/TCGA-HT-7611-01A-11R-2403-07.bam,tumor,tcga-ht-7611
tcga_analysis/reindex/TCGA-HT-7616-01A-11R-2256-07.bam,tumor,tcga-ht-7616
tcga_analysis/reindex/TCGA-HT-7676-01A-11R-2403-07.bam,tumor,tcga-ht-7676
tcga_analysis/reindex/TCGA-HT-7677-01A-11R-2256-07.bam,tumor,tcga-ht-7677
tcga_analysis/reindex/TCGA-HT-7680-01A-11R-2256-07.bam,tumor,tcga-ht-7680
tcga_analysis/reindex/TCGA-HT-7681-01A-11R-2403-07.bam,tumor,tcga-ht-7681
tcga_analysis/reindex/TCGA-HT-7684-01A-11R-2256-07.bam,tumor,tcga-ht-7684
tcga_analysis/reindex/TCGA-HT-7686-01A-11R-2256-07.bam,tumor,tcga-ht-7686
tcga_analysis/reindex/TCGA-HT-7687-01A-11R-2256-07.bam,tumor,tcga-ht-7687
tcga_analysis/reindex/TCGA-HT-7688-01A-11R-2256-07.bam,tumor,tcga-ht-7688
tcga_analysis/reindex/TCGA-HT-7689-01A-11R-2256-07.bam,tumor,tcga-ht-7689
tcga_analysis/reindex/TCGA-HT-7690-01A-11R-2256-07.bam,tumor,tcga-ht-7690
tcga_analysis/reindex/TCGA-HT-7691-01A-11R-2256-07.bam,tumor,tcga-ht-7691
tcga_analysis/reindex/TCGA-HT-7692-01A-12R-2256-07.bam,tumor,tcga-ht-7692
tcga_analysis/reindex/TCGA-HT-7693-01A-11R-2256-07.bam,tumor,tcga-ht-7693
tcga_analysis/reindex/TCGA-HT-7694-01A-11R-2256-07.bam,tumor,tcga-ht-7694
tcga_analysis/reindex/TCGA-HT-7854-01A-11R-2256-07.bam,tumor,tcga-ht-7854
tcga_analysis/reindex/TCGA-HT-7855-01A-11R-2403-07.bam,tumor,tcga-ht-7855
tcga_analysis/reindex/TCGA-HT-7856-01A-11R-2403-07.bam,tumor,tcga-ht-7856
tcga_analysis/reindex/TCGA-HT-7857-01A-11R-2403-07.bam,tumor,tcga-ht-7857
tcga_analysis/reindex/TCGA-HT-7858-01A-11R-2403-07.bam,tumor,tcga-ht-7858
tcga_analysis/reindex/TCGA-HT-7860-01A-11R-2403-07.bam,tumor,tcga-ht-7860
tcga_analysis/reindex/TCGA-HT-7874-01A-11R-2403-07.bam,tumor,tcga-ht-7874
tcga_analysis/reindex/TCGA-HT-7875-01A-11R-2403-07.bam,tumor,tcga-ht-7875
tcga_analysis/reindex/TCGA-HT-7877-01A-11R-2403-07.bam,tumor,tcga-ht-7877
tcga_analysis/reindex/TCGA-HT-7879-01A-11R-2403-07.bam,tumor,tcga-ht-7879
tcga_analysis/reindex/TCGA-HT-7880-01A-11R-2403-07.bam,tumor,tcga-ht-7880
tcga_analysis/reindex/TCGA-HT-7881-01A-11R-2403-07.bam,tumor,tcga-ht-7881
tcga_analysis/reindex/TCGA-HT-7882-01A-11R-2403-07.bam,tumor,tcga-ht-7882
tcga_analysis/reindex/TCGA-HT-7884-01B-11R-2403-07.bam,tumor,tcga-ht-7884
tcga_analysis/reindex/TCGA-HT-7902-01A-12R-2403-07.bam,tumor,tcga-ht-7902
tcga_analysis/reindex/TCGA-HT-8010-01A-11R-2403-07.bam,tumor,tcga-ht-8010
tcga_analysis/reindex/TCGA-HT-8011-01A-11R-2403-07.bam,tumor,tcga-ht-8011
tcga_analysis/reindex/TCGA-HT-8012-01A-11R-2403-07.bam,tumor,tcga-ht-8012
tcga_analysis/reindex/TCGA-HT-8013-01A-11R-2403-07.bam,tumor,tcga-ht-8013
tcga_analysis/reindex/TCGA-HT-8015-01B-11R-A28M-07.bam,tumor,tcga-ht-8015
tcga_analysis/reindex/TCGA-HT-8018-01A-11R-2404-07.bam,tumor,tcga-ht-8018
tcga_analysis/reindex/TCGA-HT-8019-01A-21R-2404-07.bam,tumor,tcga-ht-8019
tcga_analysis/reindex/TCGA-HT-8104-01A-11R-2404-07.bam,tumor,tcga-ht-8104
tcga_analysis/reindex/TCGA-HT-8106-01A-11R-2404-07.bam,tumor,tcga-ht-8106
tcga_analysis/reindex/TCGA-HT-8107-01A-13R-2404-07.bam,tumor,tcga-ht-8107
tcga_analysis/reindex/TCGA-HT-8108-01A-11R-2404-07.bam,tumor,tcga-ht-8108
tcga_analysis/reindex/TCGA-HT-8109-01A-11R-2404-07.bam,tumor,tcga-ht-8109
tcga_analysis/reindex/TCGA-HT-8110-01A-11R-2404-07.bam,tumor,tcga-ht-8110
tcga_analysis/reindex/TCGA-HT-8111-01A-11R-2404-07.bam,tumor,tcga-ht-8111
tcga_analysis/reindex/TCGA-HT-8113-01A-11R-2404-07.bam,tumor,tcga-ht-8113
tcga_analysis/reindex/TCGA-HT-8114-01A-11R-2404-07.bam,tumor,tcga-ht-8114
tcga_analysis/reindex/TCGA-HT-8558-01A-21R-2404-07.bam,tumor,tcga-ht-8558
tcga_analysis/reindex/TCGA-HT-8563-01A-11R-2404-07.bam,tumor,tcga-ht-8563
tcga_analysis/reindex/TCGA-HT-8564-01A-11R-2404-07.bam,tumor,tcga-ht-8564
tcga_analysis/reindex/TCGA-HT-A4DS-01A-11R-A26U-07.bam,tumor,tcga-ht-a4ds
tcga_analysis/reindex/TCGA-HT-A4DV-01A-11R-A26U-07.bam,tumor,tcga-ht-a4dv
tcga_analysis/reindex/TCGA-HT-A5R5-01A-11R-A28M-07.bam,tumor,tcga-ht-a5r5
tcga_analysis/reindex/TCGA-HT-A5R7-01A-11R-A28M-07.bam,tumor,tcga-ht-a5r7
tcga_analysis/reindex/TCGA-HT-A5R9-01A-11R-A28M-07.bam,tumor,tcga-ht-a5r9
tcga_analysis/reindex/TCGA-HT-A5RA-01A-11R-A28M-07.bam,tumor,tcga-ht-a5ra
tcga_analysis/reindex/TCGA-HT-A5RB-01A-11R-A28M-07.bam,tumor,tcga-ht-a5rb
tcga_analysis/reindex/TCGA-HT-A5RC-01A-11R-A28M-07.bam,tumor,tcga-ht-a5rc
tcga_analysis/reindex/TCGA-HT-A614-01A-11R-A29R-07.bam,tumor,tcga-ht-a614
tcga_analysis/reindex/TCGA-HT-A615-01A-11R-A29R-07.bam,tumor,tcga-ht-a615
tcga_analysis/reindex/TCGA-HT-A616-01A-11R-A29R-07.bam,tumor,tcga-ht-a616
tcga_analysis/reindex/TCGA-HT-A617-01A-11R-A29R-07.bam,tumor,tcga-ht-a617
tcga_analysis/reindex/TCGA-HT-A618-01A-11R-A29R-07.bam,tumor,tcga-ht-a618
tcga_analysis/reindex/TCGA-HT-A619-01A-11R-A29R-07.bam,tumor,tcga-ht-a619
tcga_analysis/reindex/TCGA-HT-A61A-01A-11R-A29R-07.bam,tumor,tcga-ht-a61a
tcga_analysis/reindex/TCGA-HT-A61B-01A-11R-A29R-07.bam,tumor,tcga-ht-a61b
tcga_analysis/reindex/TCGA-HT-A61C-01A-11R-A29R-07.bam,tumor,tcga-ht-a61c
tcga_analysis/reindex/TCGA-HT-A74H-01A-11R-A32Q-07.bam,tumor,tcga-ht-a74h
tcga_analysis/reindex/TCGA-HT-A74J-01A-12R-A32Q-07.bam,tumor,tcga-ht-a74j
tcga_analysis/reindex/TCGA-HT-A74K-01A-11R-A32Q-07.bam,tumor,tcga-ht-a74k
tcga_analysis/reindex/TCGA-HT-A74L-01A-11R-A32Q-07.bam,tumor,tcga-ht-a74l
tcga_analysis/reindex/TCGA-HT-A74O-01A-11R-A32Q-07.bam,tumor,tcga-ht-a74o
tcga_analysis/reindex/TCGA-HW-7486-01A-11R-2027-07.bam,tumor,tcga-hw-7486
tcga_analysis/reindex/TCGA-HW-7487-01A-11R-2027-07.bam,tumor,tcga-hw-7487
tcga_analysis/reindex/TCGA-HW-7489-01A-11R-2027-07.bam,tumor,tcga-hw-7489
tcga_analysis/reindex/TCGA-HW-7490-01A-11R-2027-07.bam,tumor,tcga-hw-7490
tcga_analysis/reindex/TCGA-HW-7491-01A-11R-2027-07.bam,tumor,tcga-hw-7491
tcga_analysis/reindex/TCGA-HW-7493-01A-11R-2027-07.bam,tumor,tcga-hw-7493
tcga_analysis/reindex/TCGA-HW-7495-01A-11R-2027-07.bam,tumor,tcga-hw-7495
tcga_analysis/reindex/TCGA-HW-8319-01A-11R-2404-07.bam,tumor,tcga-hw-8319
tcga_analysis/reindex/TCGA-HW-8320-01A-11R-2404-07.bam,tumor,tcga-hw-8320
tcga_analysis/reindex/TCGA-HW-8321-01A-11R-2404-07.bam,tumor,tcga-hw-8321
tcga_analysis/reindex/TCGA-HW-8322-01A-11R-2404-07.bam,tumor,tcga-hw-8322
tcga_analysis/reindex/TCGA-HW-A5KJ-01A-12R-A27Q-07.bam,tumor,tcga-hw-a5kj
tcga_analysis/reindex/TCGA-HW-A5KK-01A-11R-A27Q-07.bam,tumor,tcga-hw-a5kk
tcga_analysis/reindex/TCGA-HW-A5KL-01A-11R-A27Q-07.bam,tumor,tcga-hw-a5kl
tcga_analysis/reindex/TCGA-HW-A5KM-01A-11R-A27Q-07.bam,tumor,tcga-hw-a5km
tcga_analysis/reindex/TCGA-IK-7675-01A-11R-2090-07.bam,tumor,tcga-ik-7675
tcga_analysis/reindex/TCGA-IK-8125-01A-11R-2256-07.bam,tumor,tcga-ik-8125
tcga_analysis/reindex/TCGA-KT-A74X-01A-11R-A32Q-07.bam,tumor,tcga-kt-a74x
tcga_analysis/reindex/TCGA-KT-A7W1-01A-11R-A34F-07.bam,tumor,tcga-kt-a7w1
tcga_analysis/reindex/TCGA-P5-A5ET-01A-11R-A27Q-07.bam,tumor,tcga-p5-a5et
tcga_analysis/reindex/TCGA-P5-A5EU-01A-11R-A27Q-07.bam,tumor,tcga-p5-a5eu
tcga_analysis/reindex/TCGA-P5-A5EV-01A-11R-A27Q-07.bam,tumor,tcga-p5-a5ev
tcga_analysis/reindex/TCGA-P5-A5EW-01A-11R-A27Q-07.bam,tumor,tcga-p5-a5ew
tcga_analysis/reindex/TCGA-P5-A5EX-01A-12R-A28M-07.bam,tumor,tcga-p5-a5ex
tcga_analysis/reindex/TCGA-P5-A5EY-01A-11R-A27Q-07.bam,tumor,tcga-p5-a5ey
tcga_analysis/reindex/TCGA-P5-A5EZ-01A-11R-A27Q-07.bam,tumor,tcga-p5-a5ez
tcga_analysis/reindex/TCGA-P5-A5F0-01A-11R-A28M-07.bam,tumor,tcga-p5-a5f0
tcga_analysis/reindex/TCGA-P5-A5F1-01A-11R-A28M-07.bam,tumor,tcga-p5-a5f1
tcga_analysis/reindex/TCGA-P5-A5F2-01A-11R-A28M-07.bam,tumor,tcga-p5-a5f2
tcga_analysis/reindex/TCGA-P5-A5F4-01A-11R-A28M-07.bam,tumor,tcga-p5-a5f4
tcga_analysis/reindex/TCGA-P5-A5F6-01A-11R-A28M-07.bam,tumor,tcga-p5-a5f6
tcga_analysis/reindex/TCGA-P5-A72W-01A-11R-A32Q-07.bam,tumor,tcga-p5-a72w
tcga_analysis/reindex/TCGA-P5-A72X-01A-11R-A32Q-07.bam,tumor,tcga-p5-a72x
tcga_analysis/reindex/TCGA-P5-A72Z-01A-11R-A32Q-07.bam,tumor,tcga-p5-a72z
tcga_analysis/reindex/TCGA-P5-A730-01A-11R-A32Q-07.bam,tumor,tcga-p5-a730
tcga_analysis/reindex/TCGA-P5-A731-01A-11R-A32Q-07.bam,tumor,tcga-p5-a731
tcga_analysis/reindex/TCGA-P5-A733-01A-11R-A32Q-07.bam,tumor,tcga-p5-a733
tcga_analysis/reindex/TCGA-P5-A735-01A-11R-A32Q-07.bam,tumor,tcga-p5-a735
tcga_analysis/reindex/TCGA-P5-A736-01A-11R-A32Q-07.bam,tumor,tcga-p5-a736
tcga_analysis/reindex/TCGA-P5-A737-01A-11R-A32Q-07.bam,tumor,tcga-p5-a737
tcga_analysis/reindex/TCGA-P5-A77W-01A-11R-A32Q-07.bam,tumor,tcga-p5-a77w
tcga_analysis/reindex/TCGA-P5-A77X-01A-11R-A32Q-07.bam,tumor,tcga-p5-a77x
tcga_analysis/reindex/TCGA-P5-A780-01A-12R-A32Q-07.bam,tumor,tcga-p5-a780
tcga_analysis/reindex/TCGA-P5-A781-01A-11R-A32Q-07.bam,tumor,tcga-p5-a781
tcga_analysis/reindex/TCGA-QH-A65R-01A-21R-A31N-07.bam,tumor,tcga-qh-a65r
tcga_analysis/reindex/TCGA-QH-A65S-01A-11R-A29R-07.bam,tumor,tcga-qh-a65s
tcga_analysis/reindex/TCGA-QH-A65V-01A-11R-A29R-07.bam,tumor,tcga-qh-a65v
tcga_analysis/reindex/TCGA-QH-A65X-01A-11R-A32Q-07.bam,tumor,tcga-qh-a65x
tcga_analysis/reindex/TCGA-QH-A65Z-01A-11R-A29R-07.bam,tumor,tcga-qh-a65z
tcga_analysis/reindex/TCGA-QH-A6CS-01A-11R-A31N-07.bam,tumor,tcga-qh-a6cs
tcga_analysis/reindex/TCGA-QH-A6CU-01A-11R-A31N-07.bam,tumor,tcga-qh-a6cu
tcga_analysis/reindex/TCGA-QH-A6CV-01A-11R-A31N-07.bam,tumor,tcga-qh-a6cv
tcga_analysis/reindex/TCGA-QH-A6CX-01A-11R-A32Q-07.bam,tumor,tcga-qh-a6cx
tcga_analysis/reindex/TCGA-QH-A6CY-01A-11R-A32Q-07.bam,tumor,tcga-qh-a6cy
tcga_analysis/reindex/TCGA-QH-A6CZ-01A-11R-A32Q-07.bam,tumor,tcga-qh-a6cz
tcga_analysis/reindex/TCGA-QH-A6X3-01A-21R-A32Q-07.bam,tumor,tcga-qh-a6x3
tcga_analysis/reindex/TCGA-QH-A6X4-01A-51R-A32Q-07.bam,tumor,tcga-qh-a6x4
tcga_analysis/reindex/TCGA-QH-A6X5-01A-12R-A32Q-07.bam,tumor,tcga-qh-a6x5
tcga_analysis/reindex/TCGA-QH-A6X8-01A-12R-A32Q-07.bam,tumor,tcga-qh-a6x8
tcga_analysis/reindex/TCGA-QH-A6X9-01A-12R-A32Q-07.bam,tumor,tcga-qh-a6x9
tcga_analysis/reindex/TCGA-QH-A6XA-01A-12R-A32Q-07.bam,tumor,tcga-qh-a6xa
tcga_analysis/reindex/TCGA-QH-A6XC-01A-12R-A32Q-07.bam,tumor,tcga-qh-a6xc
tcga_analysis/reindex/TCGA-QH-A86X-01A-11R-A36H-07.bam,tumor,tcga-qh-a86x
tcga_analysis/reindex/TCGA-QH-A870-01A-11R-A36H-07.bam,tumor,tcga-qh-a870
tcga_analysis/reindex/TCGA-R8-A6MK-01A-11R-A32Q-07.bam,tumor,tcga-r8-a6mk
tcga_analysis/reindex/TCGA-R8-A6ML-01A-11R-A32Q-07.bam,tumor,tcga-r8-a6ml
tcga_analysis/reindex/TCGA-R8-A6MO-01A-11R-A33Z-07.bam,tumor,tcga-r8-a6mo
tcga_analysis/reindex/TCGA-R8-A6YH-01A-21R-A32Q-07.bam,tumor,tcga-r8-a6yh
tcga_analysis/reindex/TCGA-R8-A73M-01A-11R-A32Q-07.bam,tumor,tcga-r8-a73m
tcga_analysis/reindex/TCGA-RY-A83X-01A-11R-A36H-07.bam,tumor,tcga-ry-a83x
tcga_analysis/reindex/TCGA-RY-A83Y-01A-11R-A36H-07.bam,tumor,tcga-ry-a83y
tcga_analysis/reindex/TCGA-RY-A83Z-01A-11R-A36H-07.bam,tumor,tcga-ry-a83z
tcga_analysis/reindex/TCGA-RY-A840-01A-11R-A36H-07.bam,tumor,tcga-ry-a840
tcga_analysis/reindex/TCGA-RY-A843-01A-11R-A36H-07.bam,tumor,tcga-ry-a843
tcga_analysis/reindex/TCGA-RY-A845-01A-11R-A36H-07.bam,tumor,tcga-ry-a845
tcga_analysis/reindex/TCGA-RY-A847-01A-11R-A36H-07.bam,tumor,tcga-ry-a847
tcga_analysis/reindex/TCGA-S9-A6TS-01A-12R-A33Z-07.bam,tumor,tcga-s9-a6ts
tcga_analysis/reindex/TCGA-S9-A6TU-01A-12R-A32Q-07.bam,tumor,tcga-s9-a6tu
tcga_analysis/reindex/TCGA-S9-A6TV-01A-12R-A34R-07.bam,tumor,tcga-s9-a6tv
tcga_analysis/reindex/TCGA-S9-A6TW-01A-12R-A32Q-07.bam,tumor,tcga-s9-a6tw
tcga_analysis/reindex/TCGA-S9-A6TY-01A-12R-A32Q-07.bam,tumor,tcga-s9-a6ty
tcga_analysis/reindex/TCGA-S9-A6TZ-01A-21R-A32Q-07.bam,tumor,tcga-s9-a6tz
tcga_analysis/reindex/TCGA-S9-A6U0-01A-12R-A32Q-07.bam,tumor,tcga-s9-a6u0
tcga_analysis/reindex/TCGA-S9-A6U1-01A-21R-A33Z-07.bam,tumor,tcga-s9-a6u1
tcga_analysis/reindex/TCGA-S9-A6U2-01A-21R-A33Z-07.bam,tumor,tcga-s9-a6u2
tcga_analysis/reindex/TCGA-S9-A6U5-01A-12R-A33Z-07.bam,tumor,tcga-s9-a6u5
tcga_analysis/reindex/TCGA-S9-A6U6-01A-12R-A33Z-07.bam,tumor,tcga-s9-a6u6
tcga_analysis/reindex/TCGA-S9-A6U8-01A-21R-A33Z-07.bam,tumor,tcga-s9-a6u8
tcga_analysis/reindex/TCGA-S9-A6U9-01A-11R-A32Q-07.bam,tumor,tcga-s9-a6u9
tcga_analysis/reindex/TCGA-S9-A6UA-01A-12R-A33Z-07.bam,tumor,tcga-s9-a6ua
tcga_analysis/reindex/TCGA-S9-A6UB-01A-21R-A33Z-07.bam,tumor,tcga-s9-a6ub
tcga_analysis/reindex/TCGA-S9-A6WD-01A-12R-A33Z-07.bam,tumor,tcga-s9-a6wd
tcga_analysis/reindex/TCGA-S9-A6WE-01A-12R-A33Z-07.bam,tumor,tcga-s9-a6we
tcga_analysis/reindex/TCGA-S9-A6WG-01A-11R-A33Z-07.bam,tumor,tcga-s9-a6wg
tcga_analysis/reindex/TCGA-S9-A6WH-01A-12R-A33Z-07.bam,tumor,tcga-s9-a6wh
tcga_analysis/reindex/TCGA-S9-A6WI-01A-21R-A33Z-07.bam,tumor,tcga-s9-a6wi
tcga_analysis/reindex/TCGA-S9-A6WL-01A-21R-A33Z-07.bam,tumor,tcga-s9-a6wl
tcga_analysis/reindex/TCGA-S9-A6WM-01A-12R-A33Z-07.bam,tumor,tcga-s9-a6wm
tcga_analysis/reindex/TCGA-S9-A6WN-01A-12R-A33Z-07.bam,tumor,tcga-s9-a6wn
tcga_analysis/reindex/TCGA-S9-A6WO-01A-21R-A34F-07.bam,tumor,tcga-s9-a6wo
tcga_analysis/reindex/TCGA-S9-A6WP-01A-12R-A34F-07.bam,tumor,tcga-s9-a6wp
tcga_analysis/reindex/TCGA-S9-A6WQ-01A-12R-A34F-07.bam,tumor,tcga-s9-a6wq
tcga_analysis/reindex/TCGA-S9-A7IQ-01A-21R-A34F-07.bam,tumor,tcga-s9-a7iq
tcga_analysis/reindex/TCGA-S9-A7IX-01A-12R-A34F-07.bam,tumor,tcga-s9-a7ix
tcga_analysis/reindex/TCGA-S9-A7IY-01A-11R-A34F-07.bam,tumor,tcga-s9-a7iy
tcga_analysis/reindex/TCGA-S9-A7IZ-01A-11R-A34F-07.bam,tumor,tcga-s9-a7iz
tcga_analysis/reindex/TCGA-S9-A7J0-01A-11R-A34F-07.bam,tumor,tcga-s9-a7j0
tcga_analysis/reindex/TCGA-S9-A7J2-01A-11R-A34F-07.bam,tumor,tcga-s9-a7j2
tcga_analysis/reindex/TCGA-S9-A7J3-01A-21R-A34R-07.bam,tumor,tcga-s9-a7j3
tcga_analysis/reindex/TCGA-S9-A7QW-01A-11R-A34F-07.bam,tumor,tcga-s9-a7qw
tcga_analysis/reindex/TCGA-S9-A7QX-01A-11R-A34F-07.bam,tumor,tcga-s9-a7qx
tcga_analysis/reindex/TCGA-S9-A7QY-01A-11R-A34F-07.bam,tumor,tcga-s9-a7qy
tcga_analysis/reindex/TCGA-S9-A7QZ-01A-12R-A34R-07.bam,tumor,tcga-s9-a7qz
tcga_analysis/reindex/TCGA-S9-A7R1-01A-12R-A34R-07.bam,tumor,tcga-s9-a7r1
tcga_analysis/reindex/TCGA-S9-A7R2-01A-21R-A34R-07.bam,tumor,tcga-s9-a7r2
tcga_analysis/reindex/TCGA-S9-A7R3-01A-11R-A34R-07.bam,tumor,tcga-s9-a7r3
tcga_analysis/reindex/TCGA-S9-A7R4-01A-12R-A34R-07.bam,tumor,tcga-s9-a7r4
tcga_analysis/reindex/TCGA-S9-A7R7-01A-11R-A34R-07.bam,tumor,tcga-s9-a7r7
tcga_analysis/reindex/TCGA-S9-A7R8-01A-11R-A34R-07.bam,tumor,tcga-s9-a7r8
tcga_analysis/reindex/TCGA-S9-A89V-01A-11R-A36H-07.bam,tumor,tcga-s9-a89v
tcga_analysis/reindex/TCGA-S9-A89Z-01A-11R-A36H-07.bam,tumor,tcga-s9-a89z
tcga_analysis/reindex/TCGA-TM-A7C3-01A-11R-A32Q-07.bam,tumor,tcga-tm-a7c3
tcga_analysis/reindex/TCGA-TM-A7C5-01A-11R-A32Q-07.bam,tumor,tcga-tm-a7c5
tcga_analysis/reindex/TCGA-TM-A7CA-01A-21R-A33Z-07.bam,tumor,tcga-tm-a7ca
tcga_analysis/reindex/TCGA-TM-A7CF-01A-11R-A32Q-07.bam,tumor,tcga-tm-a7cf
tcga_analysis/reindex/TCGA-TM-A7CF-02A-11R-A32Q-07.bam,tumor,tcga-tm-a7cf
tcga_analysis/reindex/TCGA-TM-A84B-01A-11R-A36H-07.bam,tumor,tcga-tm-a84b
tcga_analysis/reindex/TCGA-TM-A84C-01A-11R-A36H-07.bam,tumor,tcga-tm-a84c
tcga_analysis/reindex/TCGA-TM-A84F-01A-11R-A36H-07.bam,tumor,tcga-tm-a84f
tcga_analysis/reindex/TCGA-TM-A84G-01A-11R-A36H-07.bam,tumor,tcga-tm-a84g
tcga_analysis/reindex/TCGA-TM-A84H-01A-11R-A36H-07.bam,tumor,tcga-tm-a84h
tcga_analysis/reindex/TCGA-TM-A84I-01A-11R-A36H-07.bam,tumor,tcga-tm-a84i
tcga_analysis/reindex/TCGA-TM-A84J-01A-11R-A36H-07.bam,tumor,tcga-tm-a84j
tcga_analysis/reindex/TCGA-TM-A84L-01A-11R-A36H-07.bam,tumor,tcga-tm-a84l
tcga_analysis/reindex/TCGA-TM-A84M-01A-11R-A36H-07.bam,tumor,tcga-tm-a84m
tcga_analysis/reindex/TCGA-TM-A84O-01A-11R-A36H-07.bam,tumor,tcga-tm-a84o
tcga_analysis/reindex/TCGA-TM-A84Q-01A-11R-A36H-07.bam,tumor,tcga-tm-a84q
tcga_analysis/reindex/TCGA-TM-A84R-01A-21R-A36H-07.bam,tumor,tcga-tm-a84r
tcga_analysis/reindex/TCGA-TM-A84S-01A-11R-A36H-07.bam,tumor,tcga-tm-a84s
tcga_analysis/reindex/TCGA-TQ-A7RF-01A-11R-A33Z-07.bam,tumor,tcga-tq-a7rf
tcga_analysis/reindex/TCGA-TQ-A7RG-01A-11R-A33Z-07.bam,tumor,tcga-tq-a7rg
tcga_analysis/reindex/TCGA-TQ-A7RH-01A-12R-A34F-07.bam,tumor,tcga-tq-a7rh
tcga_analysis/reindex/TCGA-TQ-A7RI-01A-11R-A33Z-07.bam,tumor,tcga-tq-a7ri
tcga_analysis/reindex/TCGA-TQ-A7RJ-01A-11R-A33Z-07.bam,tumor,tcga-tq-a7rj
tcga_analysis/reindex/TCGA-TQ-A7RK-01A-11R-A33Z-07.bam,tumor,tcga-tq-a7rk
tcga_analysis/reindex/TCGA-TQ-A7RK-02A-11R-A36H-07.bam,tumor,tcga-tq-a7rk
tcga_analysis/reindex/TCGA-TQ-A7RK-02B-11R-A40A-07.bam,tumor,tcga-tq-a7rk
tcga_analysis/reindex/TCGA-TQ-A7RM-01A-11R-A33Z-07.bam,tumor,tcga-tq-a7rm
tcga_analysis/reindex/TCGA-TQ-A7RN-01A-11R-A33Z-07.bam,tumor,tcga-tq-a7rn
tcga_analysis/reindex/TCGA-TQ-A7RO-01A-11R-A33Z-07.bam,tumor,tcga-tq-a7ro
tcga_analysis/reindex/TCGA-TQ-A7RP-01A-21R-A34F-07.bam,tumor,tcga-tq-a7rp
tcga_analysis/reindex/TCGA-TQ-A7RQ-01A-11R-A33Z-07.bam,tumor,tcga-tq-a7rq
tcga_analysis/reindex/TCGA-TQ-A7RR-01A-21R-A34F-07.bam,tumor,tcga-tq-a7rr
tcga_analysis/reindex/TCGA-TQ-A7RV-01A-21R-A34F-07.bam,tumor,tcga-tq-a7rv
tcga_analysis/reindex/TCGA-TQ-A7RV-02A-11R-A36H-07.bam,tumor,tcga-tq-a7rv
tcga_analysis/reindex/TCGA-TQ-A7RW-01A-11R-A33Z-07.bam,tumor,tcga-tq-a7rw
tcga_analysis/reindex/TCGA-TQ-A8XE-01A-11R-A36H-07.bam,tumor,tcga-tq-a8xe
tcga_analysis/reindex/TCGA-TQ-A8XE-02A-11R-A36H-07.bam,tumor,tcga-tq-a8xe
tcga_analysis/reindex/TCGA-VM-A8C8-01A-11R-A36H-07.bam,tumor,tcga-vm-a8c8
tcga_analysis/reindex/TCGA-VM-A8C9-01A-11R-A36H-07.bam,tumor,tcga-vm-a8c9
tcga_analysis/reindex/TCGA-VM-A8CA-01A-11R-A36H-07.bam,tumor,tcga-vm-a8ca
tcga_analysis/reindex/TCGA-VM-A8CB-01A-11R-A36H-07.bam,tumor,tcga-vm-a8cb
tcga_analysis/reindex/TCGA-VM-A8CD-01A-11R-A36H-07.bam,tumor,tcga-vm-a8cd
tcga_analysis/reindex/TCGA-VM-A8CE-01A-11R-A36H-07.bam,tumor,tcga-vm-a8ce
tcga_analysis/reindex/TCGA-VM-A8CF-01A-11R-A36H-07.bam,tumor,tcga-vm-a8cf
tcga_analysis/reindex/TCGA-VM-A8CH-01A-12R-A36H-07.bam,tumor,tcga-vm-a8ch
tcga_analysis/reindex/TCGA-VV-A829-01A-21R-A36H-07.bam,tumor,tcga-vv-a829
tcga_analysis/reindex/TCGA-VV-A86M-01A-11R-A36H-07.bam,tumor,tcga-vv-a86m
tcga_analysis/reindex/TCGA-VW-A7QS-01A-12R-A33Z-07.bam,tumor,tcga-vw-a7qs
tcga_analysis/reindex/TCGA-VW-A8FI-01A-11R-A36H-07.bam,tumor,tcga-vw-a8fi
tcga_analysis/reindex/TCGA-W9-A837-01A-11R-A36H-07.bam,tumor,tcga-w9-a837
tcga_analysis/reindex/TCGA-WH-A86K-01A-11R-A36H-07.bam,tumor,tcga-wh-a86k
tcga_analysis/reindex/TCGA-WY-A858-01A-11R-A36H-07.bam,tumor,tcga-wy-a858
tcga_analysis/reindex/TCGA-WY-A859-01A-12R-A36H-07.bam,tumor,tcga-wy-a859
tcga_analysis/reindex/TCGA-WY-A85A-01A-21R-A36H-07.bam,tumor,tcga-wy-a85a
tcga_analysis/reindex/TCGA-WY-A85B-01A-11R-A36H-07.bam,tumor,tcga-wy-a85b
tcga_analysis/reindex/TCGA-WY-A85C-01A-11R-A36H-07.bam,tumor,tcga-wy-a85c
tcga_analysis/reindex/TCGA-WY-A85D-01A-11R-A36H-07.bam,tumor,tcga-wy-a85d
tcga_analysis/reindex/TCGA-WY-A85E-01A-11R-A36H-07.bam,tumor,tcga-wy-a85e
